{"stats":{"minecraft:custom":{"minecraft:interact_with_furnace":4,"minecraft:mob_kills":10,"minecraft:interact_with_crafting_table":9,"minecraft:open_barrel":5,"minecraft:leave_game":3,"minecraft:time_since_death":19144,"minecraft:sleep_in_bed":2,"minecraft:time_since_rest":19170,"minecraft:sprint_one_cm":169949,"minecraft:damage_taken":947,"minecraft:walk_one_cm":128672,"minecraft:drop":16,"minecraft:damage_dealt":2491,"minecraft:fly_one_cm":212677,"minecraft:open_chest":7,"minecraft:crouch_one_cm":15689,"minecraft:play_time":59623,"minecraft:deaths":1,"minecraft:sneak_time":8213,"minecraft:jump":1098,"minecraft:walk_on_water_one_cm":447,"minecraft:total_world_time":59623,"minecraft:fall_one_cm":30188},"minecraft:crafted":{"minecraft:oak_planks":36,"minecraft:crafting_table":3,"minecraft:iron_helmet":1,"minecraft:iron_sword":1,"minecraft:bucket":1,"minecraft:birch_planks":8,"minecraft:bread":141,"minecraft:oak_boat":1,"minecraft:iron_boots":1,"minecraft:iron_chestplate":1,"minecraft:iron_axe":1,"minecraft:iron_hoe":1,"minecraft:stick":36,"minecraft:iron_ingot":1,"minecraft:iron_pickaxe":3,"minecraft:chest":1,"minecraft:iron_shovel":1,"minecraft:iron_leggings":1,"minecraft:torch":104,"minecraft:wheat":423},"minecraft:killed_by":{"minecraft:skeleton":1},"minecraft:dropped":{"minecraft:wheat_seeds":4,"minecraft:iron_nugget":24,"minecraft:oak_log":12,"minecraft:cobblestone":50,"minecraft:oak_planks":1,"minecraft:dirt":1,"minecraft:torch":24,"minecraft:spider_eye":1,"minecraft:sunflower":2,"minecraft:bone":2},"minecraft:broken":{"minecraft:iron_pickaxe":2},"minecraft:killed":{"minecraft:pig":1,"minecraft:witch":1,"minecraft:skeleton":4,"minecraft:zombie":3,"minecraft:chicken":1},"minecraft:mined":{"minecraft:deepslate_redstone_ore":13,"minecraft:tuff":74,"minecraft:torch":2,"minecraft:granite":16,"minecraft:short_grass":10,"minecraft:grass_block":10,"minecraft:deepslate_gold_ore":3,"minecraft:diorite":19,"minecraft:wall_torch":5,"minecraft:hay_block":47,"minecraft:cobbled_deepslate":1,"minecraft:carrots":1,"minecraft:birch_log":2,"minecraft:iron_ore":2,"minecraft:fire":4,"minecraft:andesite":34,"minecraft:deepslate_lapis_ore":2,"minecraft:deepslate_iron_ore":2,"minecraft:pointed_dripstone":3,"minecraft:coal_ore":22,"minecraft:potatoes":1,"minecraft:oak_log":21,"minecraft:beetroots":1,"minecraft:sunflower":1,"minecraft:gravel":21,"minecraft:dripstone_block":2,"minecraft:stone":114,"minecraft:oak_leaves":3,"minecraft:deepslate":330},"minecraft:used":{"minecraft:water_bucket":1,"minecraft:diorite":18,"minecraft:iron_shovel":23,"minecraft:flint_and_steel":2,"minecraft:chest":1,"minecraft:iron_sword":49,"minecraft:torch":92,"minecraft:golden_apple":1,"minecraft:dirt":9,"minecraft:crafting_table":3,"minecraft:carrot":1,"minecraft:iron_hoe":121,"minecraft:bread":17,"minecraft:iron_axe":26,"minecraft:iron_pickaxe":643,"minecraft:fire_charge":1,"minecraft:beetroot_seeds":1,"minecraft:bucket":2,"minecraft:potato":1,"minecraft:cobbled_deepslate":13,"minecraft:iron_leggings":1},"minecraft:picked_up":{"minecraft:birch_log":2,"minecraft:feather":2,"minecraft:chicken":1,"minecraft:andesite":34,"minecraft:potato":1,"minecraft:flint":2,"minecraft:tuff":73,"minecraft:oak_log":33,"minecraft:lapis_lazuli":15,"minecraft:dirt":11,"minecraft:bone":5,"minecraft:wheat_seeds":4,"minecraft:cobbled_deepslate":316,"minecraft:raw_gold":3,"minecraft:iron_ingot":51,"minecraft:iron_nugget":24,"minecraft:oak_planks":1,"minecraft:raw_iron":4,"minecraft:stick":3,"minecraft:torch":31,"minecraft:dripstone_block":2,"minecraft:gravel":19,"minecraft:porkchop":1,"minecraft:pointed_dripstone":5,"minecraft:diorite":18,"minecraft:carrot":1,"minecraft:redstone":64,"minecraft:spider_eye":2,"minecraft:rotten_flesh":2,"minecraft:arrow":2,"minecraft:beetroot_seeds":1,"minecraft:hay_block":47,"minecraft:granite":16,"minecraft:bread":9,"minecraft:coal":22,"minecraft:cobblestone":164,"minecraft:sunflower":2}},"DataVersion":3953}