{"stats":{"minecraft:custom":{"minecraft:interact_with_furnace":4,"minecraft:mob_kills":16,"minecraft:interact_with_crafting_table":10,"minecraft:open_barrel":5,"minecraft:leave_game":3,"minecraft:time_since_death":21541,"minecraft:sleep_in_bed":2,"minecraft:time_since_rest":21568,"minecraft:sprint_one_cm":289983,"minecraft:damage_taken":1707,"minecraft:walk_one_cm":179243,"minecraft:drop":22,"minecraft:damage_dealt":3091,"minecraft:swim_one_cm":15228,"minecraft:fly_one_cm":346843,"minecraft:open_chest":7,"minecraft:crouch_one_cm":40499,"minecraft:play_time":95623,"minecraft:deaths":2,"minecraft:sneak_time":17969,"minecraft:walk_under_water_one_cm":1130,"minecraft:jump":1923,"minecraft:walk_on_water_one_cm":5624,"minecraft:total_world_time":95623,"minecraft:fall_one_cm":57513},"minecraft:crafted":{"minecraft:oak_planks":44,"minecraft:crafting_table":4,"minecraft:iron_helmet":1,"minecraft:iron_sword":1,"minecraft:bucket":1,"minecraft:birch_planks":8,"minecraft:bread":141,"minecraft:oak_boat":1,"minecraft:diamond_pickaxe":1,"minecraft:iron_boots":1,"minecraft:iron_chestplate":1,"minecraft:iron_axe":1,"minecraft:iron_hoe":1,"minecraft:stick":40,"minecraft:iron_ingot":1,"minecraft:iron_pickaxe":3,"minecraft:chest":1,"minecraft:iron_shovel":1,"minecraft:iron_leggings":1,"minecraft:torch":108,"minecraft:wheat":423},"minecraft:killed_by":{"minecraft:skeleton":1},"minecraft:dropped":{"minecraft:gravel":18,"minecraft:bread":32,"minecraft:wheat_seeds":4,"minecraft:iron_nugget":24,"minecraft:oak_log":12,"minecraft:cobblestone":50,"minecraft:oak_planks":1,"minecraft:stick":1,"minecraft:dirt":1,"minecraft:torch":24,"minecraft:snowball":48,"minecraft:spider_eye":1,"minecraft:sunflower":2,"minecraft:bone":2},"minecraft:broken":{"minecraft:iron_pickaxe":3},"minecraft:killed":{"minecraft:pig":1,"minecraft:witch":1,"minecraft:skeleton":4,"minecraft:zombie":3,"minecraft:chicken":1,"minecraft:cow":6},"minecraft:mined":{"minecraft:deepslate_redstone_ore":21,"minecraft:tuff":88,"minecraft:deepslate_diamond_ore":6,"minecraft:snow_block":16,"minecraft:powder_snow":36,"minecraft:torch":2,"minecraft:granite":16,"minecraft:short_grass":34,"minecraft:allium":65,"minecraft:grass_block":10,"minecraft:mushroom_stem":9,"minecraft:deepslate_gold_ore":11,"minecraft:sculk":4,"minecraft:diorite":19,"minecraft:wall_torch":7,"minecraft:hay_block":47,"minecraft:cobbled_deepslate":3,"minecraft:carrots":1,"minecraft:birch_log":2,"minecraft:iron_ore":2,"minecraft:fire":4,"minecraft:andesite":34,"minecraft:deepslate_lapis_ore":2,"minecraft:deepslate_iron_ore":3,"minecraft:pointed_dripstone":3,"minecraft:coal_ore":33,"minecraft:potatoes":1,"minecraft:oak_log":21,"minecraft:beetroots":1,"minecraft:sunflower":1,"minecraft:gravel":24,"minecraft:dripstone_block":2,"minecraft:red_mushroom_block":90,"minecraft:stone":118,"minecraft:oak_leaves":4,"minecraft:deepslate":695},"minecraft:used":{"minecraft:water_bucket":3,"minecraft:diorite":18,"minecraft:iron_shovel":78,"minecraft:flint_and_steel":2,"minecraft:chest":1,"minecraft:iron_sword":64,"minecraft:torch":117,"minecraft:golden_apple":1,"minecraft:dirt":9,"minecraft:crafting_table":4,"minecraft:carrot":1,"minecraft:iron_hoe":121,"minecraft:diamond_pickaxe":315,"minecraft:bread":31,"minecraft:iron_axe":126,"minecraft:iron_pickaxe":753,"minecraft:fire_charge":1,"minecraft:beetroot_seeds":1,"minecraft:bucket":4,"minecraft:potato":1,"minecraft:cobbled_deepslate":68,"minecraft:iron_leggings":1},"minecraft:picked_up":{"minecraft:birch_log":2,"minecraft:allium":64,"minecraft:feather":2,"minecraft:chicken":1,"minecraft:andesite":34,"minecraft:leather":4,"minecraft:red_mushroom":18,"minecraft:potato":1,"minecraft:flint":3,"minecraft:tuff":87,"minecraft:oak_log":33,"minecraft:lapis_lazuli":15,"minecraft:dirt":11,"minecraft:bone":5,"minecraft:wheat_seeds":4,"minecraft:cobbled_deepslate":682,"minecraft:raw_gold":11,"minecraft:beef":15,"minecraft:iron_ingot":51,"minecraft:iron_nugget":24,"minecraft:oak_planks":1,"minecraft:raw_iron":5,"minecraft:stick":3,"minecraft:torch":33,"minecraft:dripstone_block":2,"minecraft:gravel":21,"minecraft:porkchop":1,"minecraft:pointed_dripstone":5,"minecraft:diorite":18,"minecraft:carrot":1,"minecraft:redstone":97,"minecraft:spider_eye":2,"minecraft:rotten_flesh":2,"minecraft:arrow":2,"minecraft:diamond":6,"minecraft:beetroot_seeds":1,"minecraft:hay_block":47,"minecraft:granite":16,"minecraft:bread":9,"minecraft:snowball":48,"minecraft:coal":33,"minecraft:cobblestone":167,"minecraft:sunflower":2}},"DataVersion":3953}