{"stats":{"minecraft:custom":{"minecraft:interact_with_furnace":4,"minecraft:mob_kills":14,"minecraft:interact_with_crafting_table":10,"minecraft:open_barrel":5,"minecraft:leave_game":3,"minecraft:time_since_death":9541,"minecraft:sleep_in_bed":2,"minecraft:time_since_rest":9568,"minecraft:sprint_one_cm":207243,"minecraft:damage_taken":1407,"minecraft:walk_one_cm":159576,"minecraft:drop":21,"minecraft:damage_dealt":2891,"minecraft:fly_one_cm":266435,"minecraft:open_chest":7,"minecraft:crouch_one_cm":39815,"minecraft:play_time":83623,"minecraft:deaths":2,"minecraft:sneak_time":17831,"minecraft:jump":1469,"minecraft:walk_on_water_one_cm":736,"minecraft:total_world_time":83623,"minecraft:fall_one_cm":38912},"minecraft:crafted":{"minecraft:oak_planks":44,"minecraft:crafting_table":4,"minecraft:iron_helmet":1,"minecraft:iron_sword":1,"minecraft:bucket":1,"minecraft:birch_planks":8,"minecraft:bread":141,"minecraft:oak_boat":1,"minecraft:diamond_pickaxe":1,"minecraft:iron_boots":1,"minecraft:iron_chestplate":1,"minecraft:iron_axe":1,"minecraft:iron_hoe":1,"minecraft:stick":40,"minecraft:iron_ingot":1,"minecraft:iron_pickaxe":3,"minecraft:chest":1,"minecraft:iron_shovel":1,"minecraft:iron_leggings":1,"minecraft:torch":108,"minecraft:wheat":423},"minecraft:killed_by":{"minecraft:skeleton":1},"minecraft:dropped":{"minecraft:bread":32,"minecraft:wheat_seeds":4,"minecraft:iron_nugget":24,"minecraft:oak_log":12,"minecraft:cobblestone":50,"minecraft:oak_planks":1,"minecraft:stick":1,"minecraft:dirt":1,"minecraft:torch":24,"minecraft:snowball":48,"minecraft:spider_eye":1,"minecraft:sunflower":2,"minecraft:bone":2},"minecraft:broken":{"minecraft:iron_pickaxe":3},"minecraft:killed":{"minecraft:pig":1,"minecraft:witch":1,"minecraft:skeleton":4,"minecraft:zombie":3,"minecraft:chicken":1,"minecraft:cow":4},"minecraft:mined":{"minecraft:deepslate_redstone_ore":21,"minecraft:tuff":88,"minecraft:deepslate_diamond_ore":6,"minecraft:snow_block":16,"minecraft:powder_snow":36,"minecraft:torch":2,"minecraft:granite":16,"minecraft:short_grass":34,"minecraft:allium":65,"minecraft:grass_block":10,"minecraft:deepslate_gold_ore":11,"minecraft:sculk":4,"minecraft:diorite":19,"minecraft:wall_torch":7,"minecraft:hay_block":47,"minecraft:cobbled_deepslate":3,"minecraft:carrots":1,"minecraft:birch_log":2,"minecraft:iron_ore":2,"minecraft:fire":4,"minecraft:andesite":34,"minecraft:deepslate_lapis_ore":2,"minecraft:deepslate_iron_ore":3,"minecraft:pointed_dripstone":3,"minecraft:coal_ore":30,"minecraft:potatoes":1,"minecraft:oak_log":21,"minecraft:beetroots":1,"minecraft:sunflower":1,"minecraft:gravel":24,"minecraft:dripstone_block":2,"minecraft:stone":116,"minecraft:oak_leaves":3,"minecraft:deepslate":695},"minecraft:used":{"minecraft:water_bucket":3,"minecraft:diorite":18,"minecraft:iron_shovel":78,"minecraft:flint_and_steel":2,"minecraft:chest":1,"minecraft:iron_sword":60,"minecraft:torch":117,"minecraft:golden_apple":1,"minecraft:dirt":9,"minecraft:crafting_table":4,"minecraft:carrot":1,"minecraft:iron_hoe":121,"minecraft:diamond_pickaxe":310,"minecraft:bread":22,"minecraft:iron_axe":26,"minecraft:iron_pickaxe":753,"minecraft:fire_charge":1,"minecraft:beetroot_seeds":1,"minecraft:bucket":3,"minecraft:potato":1,"minecraft:cobbled_deepslate":51,"minecraft:iron_leggings":1},"minecraft:picked_up":{"minecraft:birch_log":2,"minecraft:allium":64,"minecraft:feather":2,"minecraft:chicken":1,"minecraft:andesite":34,"minecraft:leather":2,"minecraft:potato":1,"minecraft:flint":3,"minecraft:tuff":87,"minecraft:oak_log":33,"minecraft:lapis_lazuli":15,"minecraft:dirt":11,"minecraft:bone":5,"minecraft:wheat_seeds":4,"minecraft:cobbled_deepslate":682,"minecraft:raw_gold":11,"minecraft:beef":11,"minecraft:iron_ingot":51,"minecraft:iron_nugget":24,"minecraft:oak_planks":1,"minecraft:raw_iron":5,"minecraft:stick":3,"minecraft:torch":33,"minecraft:dripstone_block":2,"minecraft:gravel":21,"minecraft:porkchop":1,"minecraft:pointed_dripstone":5,"minecraft:diorite":18,"minecraft:carrot":1,"minecraft:redstone":97,"minecraft:spider_eye":2,"minecraft:rotten_flesh":2,"minecraft:arrow":2,"minecraft:diamond":6,"minecraft:beetroot_seeds":1,"minecraft:hay_block":47,"minecraft:granite":16,"minecraft:bread":9,"minecraft:snowball":48,"minecraft:coal":30,"minecraft:cobblestone":166,"minecraft:sunflower":2}},"DataVersion":3953}