{"stats":{"minecraft:custom":{"minecraft:jump":120,"minecraft:time_since_rest":3391,"minecraft:damage_dealt":30,"minecraft:crouch_one_cm":393,"minecraft:sprint_one_cm":15200,"minecraft:play_time":3391,"minecraft:damage_taken":215,"minecraft:time_since_death":3391,"minecraft:walk_one_cm":9993,"minecraft:sneak_time":65,"minecraft:total_world_time":3391,"minecraft:fall_one_cm":3752,"minecraft:fly_one_cm":8805},"minecraft:mined":{"minecraft:birch_log":2},"minecraft:picked_up":{"minecraft:birch_log":2}},"DataVersion":3953}