{"stats":{"minecraft:custom":{"minecraft:time_since_rest":12949,"minecraft:open_chest":1,"minecraft:crouch_one_cm":1447,"minecraft:sprint_one_cm":56601,"minecraft:play_time":12949,"minecraft:damage_taken":265,"minecraft:walk_one_cm":32179,"minecraft:sneak_time":269,"minecraft:mob_kills":1,"minecraft:jump":386,"minecraft:damage_dealt":230,"minecraft:leave_game":2,"minecraft:time_since_death":12949,"minecraft:total_world_time":12949,"minecraft:interact_with_crafting_table":1,"minecraft:fall_one_cm":11456,"minecraft:fly_one_cm":68739},"minecraft:crafted":{"minecraft:iron_sword":1,"minecraft:iron_leggings":1,"minecraft:iron_boots":1,"minecraft:iron_chestplate":1,"minecraft:birch_planks":8,"minecraft:stick":8,"minecraft:iron_helmet":1,"minecraft:iron_pickaxe":2},"minecraft:killed":{"minecraft:skeleton":1},"minecraft:mined":{"minecraft:birch_log":2,"minecraft:fire":1},"minecraft:used":{"minecraft:golden_apple":1,"minecraft:bread":3,"minecraft:iron_sword":3,"minecraft:iron_leggings":1},"minecraft:picked_up":{"minecraft:birch_log":2,"minecraft:bone":1,"minecraft:arrow":1,"minecraft:iron_ingot":51,"minecraft:bread":9}},"DataVersion":3953}