{"stats":{"minecraft:custom":{"minecraft:time_since_rest":10389,"minecraft:sprint_one_cm":103933,"minecraft:damage_taken":349,"minecraft:walk_one_cm":51285,"minecraft:mob_kills":3,"minecraft:damage_dealt":370,"minecraft:interact_with_crafting_table":6,"minecraft:fly_one_cm":156799,"minecraft:open_barrel":5,"minecraft:open_chest":4,"minecraft:crouch_one_cm":1760,"minecraft:play_time":23623,"minecraft:sneak_time":334,"minecraft:jump":740,"minecraft:leave_game":3,"minecraft:time_since_death":23623,"minecraft:sleep_in_bed":1,"minecraft:total_world_time":23623,"minecraft:fall_one_cm":23310},"minecraft:crafted":{"minecraft:oak_boat":1,"minecraft:oak_planks":20,"minecraft:iron_boots":1,"minecraft:iron_chestplate":1,"minecraft:iron_axe":1,"minecraft:crafting_table":2,"minecraft:iron_hoe":1,"minecraft:stick":12,"minecraft:iron_pickaxe":2,"minecraft:iron_helmet":1,"minecraft:iron_sword":1,"minecraft:iron_leggings":1,"minecraft:birch_planks":8,"minecraft:bread":141,"minecraft:wheat":423},"minecraft:killed":{"minecraft:skeleton":1,"minecraft:pig":1,"minecraft:chicken":1},"minecraft:mined":{"minecraft:hay_block":47,"minecraft:carrots":1,"minecraft:birch_log":2,"minecraft:fire":1,"minecraft:short_grass":7,"minecraft:grass_block":3,"minecraft:potatoes":1,"minecraft:oak_log":5,"minecraft:beetroots":1,"minecraft:sunflower":1},"minecraft:used":{"minecraft:iron_hoe":33,"minecraft:iron_axe":5,"minecraft:bread":9,"minecraft:iron_pickaxe":3,"minecraft:iron_sword":12,"minecraft:golden_apple":1,"minecraft:crafting_table":1,"minecraft:beetroot_seeds":1,"minecraft:iron_leggings":1},"minecraft:picked_up":{"minecraft:birch_log":2,"minecraft:stick":3,"minecraft:feather":2,"minecraft:chicken":1,"minecraft:potato":1,"minecraft:porkchop":1,"minecraft:oak_log":5,"minecraft:carrot":1,"minecraft:dirt":2,"minecraft:bone":1,"minecraft:arrow":1,"minecraft:beetroot_seeds":1,"minecraft:wheat_seeds":1,"minecraft:hay_block":47,"minecraft:iron_ingot":51,"minecraft:bread":9,"minecraft:sunflower":1}},"DataVersion":3953}