{"stats":{"minecraft:crafted":{"minecraft:oak_planks":52,"minecraft:cooked_porkchop":5,"minecraft:wooden_pickaxe":1,"minecraft:iron_sword":1,"minecraft:furnace":2,"minecraft:copper_ingot":8,"minecraft:bucket":2,"minecraft:pumpkin_seeds":8,"minecraft:bread":6,"minecraft:air":0,"minecraft:oak_boat":4,"minecraft:iron_chestplate":1,"minecraft:charcoal":32,"minecraft:shield":1,"minecraft:iron_axe":1,"minecraft:stick":44,"minecraft:iron_ingot":74,"minecraft:iron_pickaxe":3,"minecraft:stone_pickaxe":3,"minecraft:iron_leggings":1,"minecraft:iron_shovel":1,"minecraft:torch":124},"minecraft:picked_up":{"minecraft:birch_log":7,"minecraft:wheat":18,"minecraft:azure_bluet":2,"minecraft:andesite":3,"minecraft:glow_ink_sac":8,"minecraft:oak_log":84,"minecraft:cobblestone_wall":3,"minecraft:amethyst_block":9,"minecraft:cornflower":1,"minecraft:dirt":142,"minecraft:raw_copper":17,"minecraft:bone":2,"minecraft:apple":1,"minecraft:wheat_seeds":105,"minecraft:cobbled_deepslate":4,"minecraft:iron_ingot":2,"minecraft:calcite":6,"minecraft:birch_sapling":1,"minecraft:stone_hoe":1,"minecraft:stick":15,"minecraft:raw_iron":77,"minecraft:smooth_basalt":4,"minecraft:oak_door":3,"minecraft:pumpkin":2,"minecraft:dripstone_block":12,"minecraft:torch":4,"minecraft:dandelion":3,"minecraft:gravel":4,"minecraft:amethyst_shard":8,"minecraft:pointed_dripstone":30,"minecraft:diorite":15,"minecraft:arrow":2,"minecraft:rotten_flesh":3,"minecraft:oak_sapling":18,"minecraft:coal":72,"minecraft:cobblestone":423},"minecraft:dropped":{"minecraft:wheat_seeds":1,"minecraft:cobblestone_wall":3,"minecraft:rotten_flesh":2,"minecraft:oak_sapling":1,"minecraft:wooden_pickaxe":1,"minecraft:iron_pickaxe":1},"minecraft:custom":{"minecraft:interact_with_furnace":81,"minecraft:mob_kills":3,"minecraft:interact_with_crafting_table":25,"minecraft:open_barrel":36,"minecraft:time_since_death":133454,"minecraft:climb_one_cm":2434,"minecraft:time_since_rest":146108,"minecraft:sprint_one_cm":346439,"minecraft:damage_taken":1046,"minecraft:walk_one_cm":335988,"minecraft:drop":7,"minecraft:damage_dealt":706,"minecraft:swim_one_cm":7132,"minecraft:fly_one_cm":396376,"minecraft:open_chest":5,"minecraft:crouch_one_cm":12754,"minecraft:play_time":155337,"minecraft:deaths":2,"minecraft:sneak_time":3865,"minecraft:walk_under_water_one_cm":5002,"minecraft:boat_one_cm":2639,"minecraft:jump":2215,"minecraft:walk_on_water_one_cm":5066,"minecraft:total_world_time":155337,"minecraft:fall_one_cm":68436},"minecraft:broken":{"minecraft:stone_pickaxe":2,"minecraft:iron_pickaxe":1},"minecraft:used":{"minecraft:wheat_seeds":104,"minecraft:water_bucket":13,"minecraft:diorite":11,"minecraft:iron_shovel":117,"minecraft:stone_pickaxe":362,"minecraft:wooden_pickaxe":14,"minecraft:iron_sword":14,"minecraft:stone_hoe":146,"minecraft:iron_chestplate":1,"minecraft:oak_door":3,"minecraft:torch":128,"minecraft:dirt":127,"minecraft:azure_bluet":2,"minecraft:pumpkin_seeds":8,"minecraft:cornflower":1,"minecraft:bread":7,"minecraft:iron_axe":94,"minecraft:birch_sapling":1,"minecraft:iron_pickaxe":285,"minecraft:gravel":4,"minecraft:barrel":4,"minecraft:cobblestone":32,"minecraft:furnace":2,"minecraft:oak_sapling":17,"minecraft:cooked_porkchop":3,"minecraft:andesite":3,"minecraft:bucket":15,"minecraft:oak_boat":2,"minecraft:dandelion":3,"minecraft:pointed_dripstone":1},"minecraft:killed":{"minecraft:skeleton":1,"minecraft:zombie":2},"minecraft:mined":{"minecraft:oak_sapling":2,"minecraft:oak_door":2,"minecraft:amethyst_cluster":2,"minecraft:dandelion":2,"minecraft:cornflower":1,"minecraft:torch":2,"minecraft:grass_block":108,"minecraft:calcite":6,"minecraft:copper_ore":2,"minecraft:tall_grass":13,"minecraft:cobblestone":15,"minecraft:diorite":17,"minecraft:amethyst_block":9,"minecraft:wheat":19,"minecraft:birch_log":7,"minecraft:iron_ore":74,"minecraft:fire":2,"minecraft:andesite":3,"minecraft:pumpkin":2,"minecraft:azure_bluet":2,"minecraft:grass":371,"minecraft:pointed_dripstone":21,"minecraft:coal_ore":72,"minecraft:oak_log":84,"minecraft:deepslate_iron_ore":3,"minecraft:dripstone_block":13,"minecraft:gravel":4,"minecraft:dirt":36,"minecraft:smooth_basalt":4,"minecraft:stone":410,"minecraft:oak_leaves":11,"minecraft:deepslate":4}},"DataVersion":3465}