{"stats":{"minecraft:used":{"minecraft:tuff_bricks":117,"minecraft:moss_carpet":6,"minecraft:polished_deepslate":29,"minecraft:iron_shovel":782,"minecraft:oak_sign":9,"minecraft:ladder":10,"minecraft:shield":6,"minecraft:chest":14,"minecraft:iron_sword":280,"minecraft:bell":1,"minecraft:rotten_flesh":4,"minecraft:iron_chestplate":1,"minecraft:carrot":170,"minecraft:tuff":1,"minecraft:azure_bluet":3,"minecraft:glass":106,"minecraft:lava_bucket":65,"minecraft:birch_sapling":2,"minecraft:iron_helmet":1,"minecraft:stone_bricks":46,"minecraft:birch_trapdoor":13,"minecraft:oak_sapling":43,"minecraft:furnace":2,"minecraft:mangrove_slab":4,"minecraft:egg":7,"minecraft:potato":13,"minecraft:dark_oak_sapling":1,"minecraft:spider_spawn_egg":6,"minecraft:diorite":11,"minecraft:oak_planks":21,"minecraft:stone_pickaxe":372,"minecraft:mangrove_planks":1,"minecraft:wooden_pickaxe":14,"minecraft:composter":3,"minecraft:diamond_axe":407,"minecraft:white_wool":1,"minecraft:dripstone_block":2,"minecraft:pumpkin_seeds":8,"minecraft:shears":39,"minecraft:deepslate_brick_stairs":41,"minecraft:lever":3,"minecraft:birch_slab":90,"minecraft:string":13,"minecraft:bread":51,"minecraft:lectern":71,"minecraft:gravel":4,"minecraft:smithing_table":4,"minecraft:andesite":3,"minecraft:oak_boat":11,"minecraft:air":63,"minecraft:bone_meal":45,"minecraft:oak_trapdoor":38,"minecraft:rose_bush":1,"minecraft:flint_and_steel":1,"minecraft:stone_hoe":298,"minecraft:oak_door":3,"minecraft:torch":484,"minecraft:brewing_stand":2,"minecraft:dirt":3595,"minecraft:spyglass":11,"minecraft:hopper":10,"minecraft:cobblestone_wall":2,"minecraft:golden_shovel":32,"minecraft:granite":2,"minecraft:spruce_fence":1,"minecraft:oak_fence_gate":1,"minecraft:iron_axe":947,"minecraft:barrel":42,"minecraft:bamboo":65,"minecraft:tripwire_hook":14,"minecraft:glowstone":1,"minecraft:minecart":13,"minecraft:cooked_beef":94,"minecraft:cobbled_deepslate":173,"minecraft:pumpkin":3,"minecraft:pointed_dripstone":3,"minecraft:wheat_seeds":1371,"minecraft:water_bucket":82,"minecraft:amethyst_block":1,"minecraft:cobblestone_stairs":267,"minecraft:glass_bottle":64,"minecraft:cherry_planks":11,"minecraft:fletching_table":20,"minecraft:stonecutter":1,"minecraft:cobblestone_slab":7,"minecraft:mossy_cobblestone":2,"minecraft:rail":123,"minecraft:vine":33,"minecraft:crafting_table":2,"minecraft:oak_slab":105,"minecraft:white_bed":21,"minecraft:campfire":10,"minecraft:oak_log":27,"minecraft:mud":31,"minecraft:wooden_hoe":60,"minecraft:cornflower":2,"minecraft:diamond_pickaxe":747,"minecraft:apple":1,"minecraft:oxeye_daisy":1,"minecraft:diamond_shovel":4700,"minecraft:iron_pickaxe":2118,"minecraft:cobblestone":240,"minecraft:potion":64,"minecraft:white_banner":1,"minecraft:cooked_porkchop":5,"minecraft:bucket":146,"minecraft:yellow_bed":1,"minecraft:stripped_oak_log":1,"minecraft:dandelion":7,"minecraft:sculk_catalyst":1},"minecraft:dropped":{"minecraft:short_grass":1,"minecraft:ominous_bottle":2,"minecraft:lapis_lazuli":12,"minecraft:glow_ink_sac":116,"minecraft:ender_pearl":2,"minecraft:diamond":10,"minecraft:weeping_vines":1,"minecraft:iron_horse_armor":2,"minecraft:saddle":2,"minecraft:birch_slab":8,"minecraft:flint":2,"minecraft:emerald":8,"minecraft:gold_block":2,"minecraft:dirt":9,"minecraft:cornflower":5,"minecraft:cut_copper":3,"minecraft:gold_nugget":18,"minecraft:amethyst_shard":2,"minecraft:iron_pickaxe":2,"minecraft:gold_ingot":34,"minecraft:bone":18,"minecraft:oak_door":1,"minecraft:gravel":5,"minecraft:sugar_cane":104,"minecraft:spyglass":1,"minecraft:cooked_chicken":2,"minecraft:iron_nugget":8,"minecraft:cobbled_deepslate":4,"minecraft:wheat":97,"minecraft:obsidian":18,"minecraft:rotten_flesh":66,"minecraft:oak_planks":2,"minecraft:carrot":115,"minecraft:poppy":118,"minecraft:mangrove_log":12,"minecraft:gunpowder":7,"minecraft:arrow":15,"minecraft:beef":16,"minecraft:quartz":40,"minecraft:netherrack":2,"minecraft:egg":3,"minecraft:stone_hoe":8,"minecraft:bread":2,"minecraft:wheat_seeds":257,"minecraft:mangrove_propagule":7,"minecraft:cobblestone":18,"minecraft:book":24,"minecraft:copper_ingot":26,"minecraft:coal":18,"minecraft:stick":2,"minecraft:oxeye_daisy":5,"minecraft:gray_wool":14,"minecraft:diorite":6,"minecraft:iron_leggings":1,"minecraft:mud":171,"minecraft:iron_shovel":5,"minecraft:string":94,"minecraft:spruce_sapling":6,"minecraft:dandelion":25,"minecraft:redstone":10,"minecraft:nether_wart":68,"minecraft:cobblestone_wall":3,"minecraft:tuff":6,"minecraft:cut_copper_stairs":6,"minecraft:raw_iron":36,"minecraft:iron_boots":1,"minecraft:oak_sign":4,"minecraft:shears":2,"minecraft:flint_and_steel":4,"minecraft:potato":30,"minecraft:iron_chestplate":1,"minecraft:andesite":1,"minecraft:oak_boat":1,"minecraft:oak_sapling":7,"minecraft:spider_eye":4,"minecraft:barrel":4,"minecraft:bamboo":1,"minecraft:stone_pickaxe":13,"minecraft:wooden_pickaxe":1,"minecraft:black_wool":2},"minecraft:killed_by":{"minecraft:warden":2,"minecraft:skeleton":1},"minecraft:mined":{"minecraft:white_bed":11,"minecraft:oak_sapling":3,"minecraft:farmland":83,"minecraft:cobblestone_stairs":20,"minecraft:sculk_vein":2,"minecraft:cherry_log":62,"minecraft:brewing_stand":3,"minecraft:granite":87,"minecraft:grass_block":3267,"minecraft:hopper":5,"minecraft:oak_wall_sign":3,"minecraft:nether_wart":20,"minecraft:tuff_bricks":19,"minecraft:raw_iron_block":1,"minecraft:sculk_catalyst":3,"minecraft:iron_ore":74,"minecraft:cobbled_deepslate":64,"minecraft:fire":5,"minecraft:barrel":17,"minecraft:moss_carpet":6,"minecraft:pumpkin":5,"minecraft:fletching_table":18,"minecraft:azure_bluet":2,"minecraft:sculk_shrieker":4,"minecraft:pointed_dripstone":51,"minecraft:dirt_path":1,"minecraft:deepslate_brick_stairs":7,"minecraft:tripwire":7,"minecraft:amethyst_cluster":2,"minecraft:torch":8,"minecraft:calcite":6,"minecraft:chest":10,"minecraft:glass":1,"minecraft:cobblestone":79,"minecraft:oak_planks":7,"minecraft:sugar_cane":24,"minecraft:wall_torch":21,"minecraft:amethyst_block":9,"minecraft:mud":97,"minecraft:birch_log":132,"minecraft:wheat":532,"minecraft:birch_trapdoor":4,"minecraft:oak_log":594,"minecraft:dirt":2526,"minecraft:smooth_basalt":4,"minecraft:tripwire_hook":2,"minecraft:stonecutter":1,"minecraft:netherrack":9,"minecraft:oak_leaves":160,"minecraft:deepslate":336,"minecraft:tuff":111,"minecraft:mossy_cobblestone":2,"minecraft:dark_oak_leaves":1,"minecraft:deepslate_diamond_ore":6,"minecraft:oak_door":3,"minecraft:ladder":1,"minecraft:spruce_fence":1,"minecraft:birch_slab":6,"minecraft:mangrove_propagule":3,"minecraft:oak_trapdoor":11,"minecraft:carrots":78,"minecraft:andesite":83,"minecraft:bell":1,"minecraft:polished_deepslate":1,"minecraft:bookshelf":4,"minecraft:potatoes":3,"minecraft:deepslate_iron_ore":60,"minecraft:cobblestone_slab":4,"minecraft:vine":33,"minecraft:rail":71,"minecraft:stripped_oak_log":1,"minecraft:packed_ice":1,"minecraft:bamboo_sapling":1,"minecraft:bamboo":7,"minecraft:cut_copper":1,"minecraft:stone":1756,"minecraft:white_wool":1,"minecraft:smithing_table":1,"minecraft:oak_slab":7,"minecraft:cherry_planks":4,"minecraft:dandelion":12,"minecraft:crafting_table":1,"minecraft:cornflower":1,"minecraft:short_grass":768,"minecraft:rose_bush":1,"minecraft:sculk_sensor":1,"minecraft:lectern":71,"minecraft:copper_ore":10,"minecraft:tall_grass":45,"minecraft:sculk":2,"minecraft:diorite":54,"minecraft:birch_leaves":2,"minecraft:mangrove_planks":1,"minecraft:mangrove_leaves":1,"minecraft:yellow_bed":1,"minecraft:mangrove_slab":4,"minecraft:coal_ore":143,"minecraft:cherry_leaves":33,"minecraft:gravel":10,"minecraft:dripstone_block":49,"minecraft:cobweb":33,"minecraft:stone_bricks":10},"minecraft:killed":{"minecraft:witch":1,"minecraft:spider":9,"minecraft:skeleton":14,"minecraft:chicken":1,"minecraft:zombie_villager":3,"minecraft:creeper":6,"minecraft:pillager":2,"minecraft:zombie":63,"minecraft:cow":62,"minecraft:enderman":1},"minecraft:custom":{"minecraft:animals_bred":66,"minecraft:interact_with_crafting_table":124,"minecraft:open_barrel":397,"minecraft:bell_ring":14,"minecraft:leave_game":7,"minecraft:time_since_death":603131,"minecraft:sprint_one_cm":2445048,"minecraft:damage_blocked_by_shield":175,"minecraft:drop":229,"minecraft:talked_to_villager":325,"minecraft:play_time":1010832,"minecraft:deaths":6,"minecraft:jump":14909,"minecraft:interact_with_brewingstand":1,"minecraft:walk_on_water_one_cm":49450,"minecraft:interact_with_furnace":177,"minecraft:traded_with_villager":736,"minecraft:sleep_in_bed":27,"minecraft:damage_dealt":28144,"minecraft:crouch_one_cm":87294,"minecraft:mob_kills":165,"minecraft:interact_with_campfire":108,"minecraft:climb_one_cm":20175,"minecraft:walk_one_cm":3128682,"minecraft:sneak_time":25610,"minecraft:walk_under_water_one_cm":34282,"minecraft:boat_one_cm":53827,"minecraft:total_world_time":1010832,"minecraft:interact_with_stonecutter":12,"minecraft:time_since_rest":36152,"minecraft:damage_taken":7587,"minecraft:swim_one_cm":63897,"minecraft:fly_one_cm":3248448,"minecraft:open_chest":209,"minecraft:fall_one_cm":395022},"minecraft:crafted":{"minecraft:barrel":21,"minecraft:oak_planks":1380,"minecraft:smooth_stone":29,"minecraft:cobblestone_slab":6,"minecraft:oak_sign":6,"minecraft:birch_slab":126,"minecraft:stone":100,"minecraft:lever":1,"minecraft:diamond_shovel":4,"minecraft:bookshelf":10,"minecraft:glass":64,"minecraft:hopper":5,"minecraft:bow":8,"minecraft:iron_boots":2,"minecraft:chest":10,"minecraft:rail":56,"minecraft:stone_hoe":11,"minecraft:glass_bottle":6,"minecraft:oak_slab":168,"minecraft:emerald":671,"minecraft:cooked_porkchop":5,"minecraft:diamond_axe":4,"minecraft:crafting_table":1,"minecraft:iron_helmet":2,"minecraft:wooden_pickaxe":1,"minecraft:smithing_table":3,"minecraft:copper_ingot":8,"minecraft:fletching_table":2,"minecraft:birch_planks":272,"minecraft:pumpkin_seeds":8,"minecraft:campfire":10,"minecraft:wooden_hoe":1,"minecraft:iron_chestplate":2,"minecraft:diamond_pickaxe":1,"minecraft:charcoal":65,"minecraft:shield":1,"minecraft:stick":1916,"minecraft:iron_ingot":125,"minecraft:iron_pickaxe":12,"minecraft:composter":3,"minecraft:shears":1,"minecraft:raw_iron":9,"minecraft:tripwire_hook":2,"minecraft:spyglass":3,"minecraft:tuff_bricks":20,"minecraft:furnace":2,"minecraft:bone_meal":6,"minecraft:oak_trapdoor":24,"minecraft:flint_and_steel":1,"minecraft:polished_deepslate":28,"minecraft:iron_axe":4,"minecraft:ladder":9,"minecraft:stone_pickaxe":15,"minecraft:cobblestone_wall":6,"minecraft:minecart":4,"minecraft:cooked_beef":8,"minecraft:iron_sword":2,"minecraft:mangrove_planks":48,"minecraft:bucket":7,"minecraft:amethyst_block":1,"minecraft:bread":61,"minecraft:air":0,"minecraft:oak_fence_gate":1,"minecraft:oak_boat":5,"minecraft:white_wool":9,"minecraft:birch_trapdoor":12,"minecraft:iron_shovel":8,"minecraft:iron_leggings":2,"minecraft:white_bed":9,"minecraft:torch":396},"minecraft:picked_up":{"minecraft:wheat":664,"minecraft:smithing_table":1,"minecraft:lead":31,"minecraft:golden_shovel":1,"minecraft:brewing_stand":4,"minecraft:amethyst_block":9,"minecraft:polished_deepslate":1,"minecraft:string":1080,"minecraft:raw_copper":44,"minecraft:oak_sign":10,"minecraft:gold_nugget":27,"minecraft:cobbled_deepslate":402,"minecraft:rose_bush":1,"minecraft:cobblestone_slab":4,"minecraft:calcite":6,"minecraft:mangrove_log":24,"minecraft:stick":51,"minecraft:birch_trapdoor":4,"minecraft:torch":88,"minecraft:cut_copper_stairs":9,"minecraft:cherry_log":62,"minecraft:pointed_dripstone":88,"minecraft:diorite":52,"minecraft:vine":33,"minecraft:rotten_flesh":146,"minecraft:deepslate_brick_stairs":7,"minecraft:obsidian":27,"minecraft:cobblestone":1804,"minecraft:birch_log":132,"minecraft:feather":1,"minecraft:cooked_beef":102,"minecraft:cherry_planks":4,"minecraft:birch_slab":18,"minecraft:water_bucket":1,"minecraft:andesite":82,"minecraft:potato":63,"minecraft:flint":4,"minecraft:tuff":109,"minecraft:lapis_lazuli":18,"minecraft:mangrove_slab":8,"minecraft:dirt":5856,"minecraft:bone":40,"minecraft:stonecutter":1,"minecraft:bow":8,"minecraft:wheat_seeds":1844,"minecraft:bell":1,"minecraft:fletching_table":20,"minecraft:bamboo":66,"minecraft:stone_hoe":8,"minecraft:oak_planks":7,"minecraft:barrel":21,"minecraft:mossy_cobblestone":2,"minecraft:diamond":19,"minecraft:lever":2,"minecraft:granite":87,"minecraft:bone_meal":33,"minecraft:emerald":12,"minecraft:bread":2,"minecraft:oak_sapling":58,"minecraft:netherrack":4,"minecraft:mud":221,"minecraft:crafting_table":1,"minecraft:azure_bluet":3,"minecraft:ladder":1,"minecraft:ominous_bottle":4,"minecraft:chicken":1,"minecraft:nether_wart":122,"minecraft:gold_block":3,"minecraft:cornflower":7,"minecraft:oak_trapdoor":12,"minecraft:moss_carpet":6,"minecraft:flint_and_steel":6,"minecraft:beef":132,"minecraft:oak_boat":13,"minecraft:iron_nugget":12,"minecraft:poppy":175,"minecraft:minecart":13,"minecraft:lectern":71,"minecraft:chest":9,"minecraft:sugar_cane":203,"minecraft:birch_sapling":5,"minecraft:phantom_membrane":2,"minecraft:egg":10,"minecraft:dark_oak_sapling":1,"minecraft:raw_iron":186,"minecraft:oak_door":4,"minecraft:copper_ingot":39,"minecraft:spruce_fence":1,"minecraft:carrot":288,"minecraft:redstone":20,"minecraft:iron_horse_armor":3,"minecraft:arrow":29,"minecraft:shears":3,"minecraft:cut_copper":3,"minecraft:saddle":4,"minecraft:gold_ingot":51,"minecraft:tuff_bricks":19,"minecraft:rail":79,"minecraft:white_wool":48,"minecraft:oxeye_daisy":6,"minecraft:stripped_oak_log":1,"minecraft:glow_ink_sac":200,"minecraft:tripwire_hook":4,"minecraft:leather":63,"minecraft:oak_log":594,"minecraft:cobblestone_wall":3,"minecraft:yellow_bed":1,"minecraft:gunpowder":13,"minecraft:cobblestone_stairs":20,"minecraft:white_banner":1,"minecraft:apple":4,"minecraft:stone_bricks":10,"minecraft:iron_ingot":252,"minecraft:cooked_chicken":3,"minecraft:mangrove_planks":1,"minecraft:book":48,"minecraft:sculk_catalyst":1,"minecraft:oak_slab":7,"minecraft:smooth_basalt":4,"minecraft:pumpkin":5,"minecraft:dripstone_block":49,"minecraft:quartz":60,"minecraft:dandelion":32,"minecraft:spyglass":1,"minecraft:raw_iron_block":1,"minecraft:gravel":10,"minecraft:amethyst_shard":9,"minecraft:spruce_sapling":9,"minecraft:white_bed":12,"minecraft:spider_eye":3,"minecraft:short_grass":1,"minecraft:cherry_sapling":34,"minecraft:gray_wool":28,"minecraft:black_wool":4,"minecraft:mangrove_propagule":7,"minecraft:coal":170,"minecraft:hopper":5,"minecraft:ender_pearl":3},"minecraft:broken":{"minecraft:iron_shovel":2,"minecraft:golden_shovel":1,"minecraft:stone_pickaxe":2,"minecraft:diamond_shovel":3,"minecraft:iron_sword":1,"minecraft:stone_hoe":1,"minecraft:iron_axe":4,"minecraft:iron_pickaxe":8,"minecraft:iron_helmet":1,"minecraft:wooden_hoe":1}},"DataVersion":3953}