{"stats":{"minecraft:crafted":{"minecraft:oak_planks":120,"minecraft:raw_iron":9,"minecraft:cobblestone_slab":6,"minecraft:oak_sign":6,"minecraft:spyglass":3,"minecraft:furnace":2,"minecraft:bone_meal":6,"minecraft:oak_trapdoor":4,"minecraft:flint_and_steel":1,"minecraft:iron_boots":1,"minecraft:iron_axe":1,"minecraft:stone_pickaxe":3,"minecraft:chest":1,"minecraft:cooked_beef":8,"minecraft:cooked_porkchop":5,"minecraft:crafting_table":1,"minecraft:wooden_pickaxe":1,"minecraft:iron_helmet":1,"minecraft:iron_sword":1,"minecraft:copper_ingot":8,"minecraft:bucket":7,"minecraft:birch_planks":28,"minecraft:pumpkin_seeds":8,"minecraft:campfire":1,"minecraft:amethyst_block":1,"minecraft:bread":37,"minecraft:air":0,"minecraft:oak_fence_gate":1,"minecraft:oak_boat":5,"minecraft:wooden_hoe":1,"minecraft:white_wool":9,"minecraft:iron_chestplate":1,"minecraft:charcoal":54,"minecraft:shield":1,"minecraft:stick":100,"minecraft:iron_ingot":125,"minecraft:iron_pickaxe":5,"minecraft:iron_shovel":1,"minecraft:iron_leggings":1,"minecraft:white_bed":7,"minecraft:torch":236,"minecraft:shears":1},"minecraft:picked_up":{"minecraft:wheat":224,"minecraft:azure_bluet":2,"minecraft:ominous_bottle":1,"minecraft:nether_wart":20,"minecraft:lead":13,"minecraft:brewing_stand":1,"minecraft:amethyst_block":9,"minecraft:cornflower":5,"minecraft:oak_trapdoor":2,"minecraft:string":35,"minecraft:raw_copper":17,"minecraft:oak_sign":4,"minecraft:cobbled_deepslate":59,"minecraft:beef":26,"minecraft:oak_boat":4,"minecraft:cobblestone_slab":4,"minecraft:calcite":6,"minecraft:poppy":2,"minecraft:lectern":2,"minecraft:sugar_cane":15,"minecraft:birch_sapling":1,"minecraft:stick":18,"minecraft:raw_iron":128,"minecraft:oak_door":4,"minecraft:torch":14,"minecraft:spruce_fence":1,"minecraft:pointed_dripstone":52,"minecraft:diorite":38,"minecraft:redstone":5,"minecraft:rotten_flesh":20,"minecraft:arrow":8,"minecraft:cut_copper":3,"minecraft:white_wool":48,"minecraft:oxeye_daisy":2,"minecraft:cobblestone":691,"minecraft:stripped_oak_log":1,"minecraft:birch_log":7,"minecraft:cooked_beef":16,"minecraft:cherry_planks":1,"minecraft:glow_ink_sac":26,"minecraft:andesite":6,"minecraft:leather":10,"minecraft:potato":8,"minecraft:flint":1,"minecraft:tuff":7,"minecraft:oak_log":149,"minecraft:yellow_bed":1,"minecraft:cobblestone_wall":3,"minecraft:dirt":383,"minecraft:white_banner":1,"minecraft:bone":7,"minecraft:apple":2,"minecraft:wheat_seeds":642,"minecraft:bell":1,"minecraft:iron_ingot":2,"minecraft:stone_hoe":1,"minecraft:book":12,"minecraft:sculk_catalyst":1,"minecraft:smooth_basalt":4,"minecraft:pumpkin":2,"minecraft:dandelion":21,"minecraft:gravel":7,"minecraft:raw_iron_block":1,"minecraft:dripstone_block":31,"minecraft:amethyst_shard":9,"minecraft:white_bed":11,"minecraft:mossy_cobblestone":1,"minecraft:granite":56,"minecraft:bone_meal":12,"minecraft:black_wool":1,"minecraft:gray_wool":7,"minecraft:bread":2,"minecraft:coal":99,"minecraft:oak_sapling":23,"minecraft:netherrack":4},"minecraft:used":{"minecraft:oak_trapdoor":5,"minecraft:iron_shovel":256,"minecraft:flint_and_steel":1,"minecraft:oak_sign":8,"minecraft:chest":1,"minecraft:shield":6,"minecraft:iron_sword":179,"minecraft:bell":1,"minecraft:stone_hoe":152,"minecraft:iron_chestplate":1,"minecraft:oak_door":3,"minecraft:torch":248,"minecraft:brewing_stand":1,"minecraft:dirt":220,"minecraft:spyglass":11,"minecraft:spruce_fence":1,"minecraft:azure_bluet":2,"minecraft:oak_fence_gate":1,"minecraft:lava_bucket":16,"minecraft:iron_axe":225,"minecraft:birch_sapling":1,"minecraft:barrel":4,"minecraft:glowstone":1,"minecraft:oak_sapling":17,"minecraft:furnace":2,"minecraft:cooked_beef":21,"minecraft:potato":9,"minecraft:cobbled_deepslate":15,"minecraft:pointed_dripstone":1,"minecraft:wheat_seeds":553,"minecraft:water_bucket":60,"minecraft:diorite":11,"minecraft:amethyst_block":1,"minecraft:stone_pickaxe":372,"minecraft:wooden_pickaxe":14,"minecraft:cherry_planks":1,"minecraft:cobblestone_slab":7,"minecraft:white_wool":1,"minecraft:crafting_table":1,"minecraft:white_bed":14,"minecraft:campfire":1,"minecraft:pumpkin_seeds":8,"minecraft:oak_log":1,"minecraft:wooden_hoe":9,"minecraft:cornflower":1,"minecraft:bread":38,"minecraft:iron_pickaxe":853,"minecraft:lectern":2,"minecraft:gravel":4,"minecraft:cobblestone":80,"minecraft:white_banner":1,"minecraft:cooked_porkchop":5,"minecraft:andesite":3,"minecraft:bucket":78,"minecraft:oak_boat":6,"minecraft:stripped_oak_log":1,"minecraft:dandelion":3,"minecraft:bone_meal":10,"minecraft:sculk_catalyst":1},"minecraft:mined":{"minecraft:tuff":7,"minecraft:white_bed":10,"minecraft:oak_sapling":2,"minecraft:mossy_cobblestone":1,"minecraft:deepslate_diamond_ore":2,"minecraft:oak_door":3,"minecraft:sculk_vein":2,"minecraft:brewing_stand":1,"minecraft:granite":56,"minecraft:grass_block":294,"minecraft:spruce_fence":1,"minecraft:oak_wall_sign":3,"minecraft:nether_wart":20,"minecraft:oak_trapdoor":2,"minecraft:raw_iron_block":1,"minecraft:cobbled_deepslate":1,"minecraft:iron_ore":74,"minecraft:fire":3,"minecraft:andesite":6,"minecraft:pumpkin":2,"minecraft:azure_bluet":2,"minecraft:bell":1,"minecraft:sculk_shrieker":3,"minecraft:bookshelf":4,"minecraft:cobblestone_slab":4,"minecraft:pointed_dripstone":31,"minecraft:potatoes":2,"minecraft:deepslate_iron_ore":56,"minecraft:dirt_path":1,"minecraft:stripped_oak_log":1,"minecraft:cut_copper":1,"minecraft:stone":667,"minecraft:white_wool":1,"minecraft:cherry_planks":1,"minecraft:amethyst_cluster":2,"minecraft:dandelion":2,"minecraft:cornflower":1,"minecraft:torch":2,"minecraft:short_grass":393,"minecraft:calcite":6,"minecraft:sculk_sensor":1,"minecraft:lectern":2,"minecraft:tall_grass":15,"minecraft:copper_ore":2,"minecraft:cobblestone":31,"minecraft:sugar_cane":8,"minecraft:sculk":2,"minecraft:diorite":40,"minecraft:wall_torch":5,"minecraft:amethyst_block":9,"minecraft:birch_log":7,"minecraft:wheat":220,"minecraft:yellow_bed":1,"minecraft:oak_log":149,"minecraft:coal_ore":99,"minecraft:gravel":9,"minecraft:dripstone_block":31,"minecraft:dirt":85,"minecraft:cobweb":33,"minecraft:smooth_basalt":4,"minecraft:netherrack":9,"minecraft:oak_leaves":34,"minecraft:deepslate":59},"minecraft:dropped":{"minecraft:bread":2,"minecraft:wheat_seeds":11,"minecraft:cobblestone":1,"minecraft:oxeye_daisy":2,"minecraft:dirt":7,"minecraft:diorite":6,"minecraft:cornflower":4,"minecraft:cut_copper":3,"minecraft:amethyst_shard":2,"minecraft:iron_pickaxe":1,"minecraft:dandelion":18,"minecraft:gravel":3,"minecraft:spyglass":1,"minecraft:cobbled_deepslate":4,"minecraft:cobblestone_wall":3,"minecraft:tuff":6,"minecraft:wheat":1,"minecraft:rotten_flesh":4,"minecraft:poppy":2,"minecraft:andesite":1,"minecraft:oak_sapling":6,"minecraft:wooden_pickaxe":1,"minecraft:stone_pickaxe":1,"minecraft:netherrack":2},"minecraft:broken":{"minecraft:iron_shovel":1,"minecraft:stone_hoe":1,"minecraft:stone_pickaxe":2,"minecraft:iron_axe":1,"minecraft:iron_pickaxe":3},"minecraft:killed_by":{"minecraft:warden":2},"minecraft:custom":{"minecraft:mob_kills":41,"minecraft:animals_bred":16,"minecraft:interact_with_crafting_table":55,"minecraft:open_barrel":125,"minecraft:interact_with_campfire":18,"minecraft:bell_ring":14,"minecraft:leave_game":2,"minecraft:time_since_death":153091,"minecraft:climb_one_cm":3485,"minecraft:sprint_one_cm":994962,"minecraft:walk_one_cm":892127,"minecraft:damage_blocked_by_shield":175,"minecraft:drop":46,"minecraft:talked_to_villager":3,"minecraft:play_time":404962,"minecraft:deaths":5,"minecraft:sneak_time":12801,"minecraft:walk_under_water_one_cm":30571,"minecraft:boat_one_cm":4647,"minecraft:jump":6643,"minecraft:interact_with_brewingstand":1,"minecraft:walk_on_water_one_cm":28883,"minecraft:total_world_time":404962,"minecraft:interact_with_furnace":132,"minecraft:sleep_in_bed":6,"minecraft:time_since_rest":40797,"minecraft:damage_taken":3756,"minecraft:damage_dealt":10055,"minecraft:swim_one_cm":33128,"minecraft:fly_one_cm":1467947,"minecraft:open_chest":47,"minecraft:crouch_one_cm":41731,"minecraft:fall_one_cm":198340},"minecraft:killed":{"minecraft:witch":1,"minecraft:spider":2,"minecraft:skeleton":5,"minecraft:creeper":1,"minecraft:pillager":2,"minecraft:zombie":17,"minecraft:cow":11,"minecraft:enderman":1}},"DataVersion":3953}