{"stats":{"minecraft:crafted":{"minecraft:oak_planks":24,"minecraft:stick":4,"minecraft:stone_pickaxe":1,"minecraft:wooden_pickaxe":1},"minecraft:picked_up":{"minecraft:raw_iron":6,"minecraft:azure_bluet":2,"minecraft:pumpkin":2,"minecraft:rotten_flesh":2,"minecraft:dandelion":1,"minecraft:oak_log":10,"minecraft:cornflower":1,"minecraft:dirt":3,"minecraft:cobblestone":16},"minecraft:dropped":{"minecraft:rotten_flesh":2},"minecraft:custom":{"minecraft:time_since_rest":20108,"minecraft:walk_one_cm":26056,"minecraft:crouch_one_cm":479,"minecraft:play_time":29337,"minecraft:sprint_one_cm":59514,"minecraft:damage_taken":590,"minecraft:deaths":2,"minecraft:sneak_time":97,"minecraft:drop":2,"minecraft:jump":352,"minecraft:time_since_death":7454,"minecraft:total_world_time":29337,"minecraft:interact_with_crafting_table":2,"minecraft:fly_one_cm":75923,"minecraft:fall_one_cm":13326},"minecraft:used":{"minecraft:dirt":3,"minecraft:stone_pickaxe":18,"minecraft:wooden_pickaxe":7},"minecraft:mined":{"minecraft:grass_block":3,"minecraft:oak_log":10,"minecraft:iron_ore":6,"minecraft:fire":2,"minecraft:stone":17,"minecraft:dandelion":1,"minecraft:pumpkin":2,"minecraft:cornflower":1,"minecraft:azure_bluet":2}},"DataVersion":3465}