{"stats":{"minecraft:crafted":{"minecraft:oak_planks":52,"minecraft:cooked_porkchop":5,"minecraft:spyglass":3,"minecraft:wooden_pickaxe":1,"minecraft:iron_sword":1,"minecraft:furnace":2,"minecraft:copper_ingot":8,"minecraft:bone_meal":6,"minecraft:bucket":3,"minecraft:pumpkin_seeds":8,"minecraft:campfire":1,"minecraft:bread":13,"minecraft:air":0,"minecraft:oak_boat":4,"minecraft:iron_chestplate":1,"minecraft:charcoal":32,"minecraft:shield":1,"minecraft:iron_axe":1,"minecraft:stick":44,"minecraft:iron_ingot":86,"minecraft:iron_pickaxe":3,"minecraft:stone_pickaxe":3,"minecraft:iron_leggings":1,"minecraft:iron_shovel":1,"minecraft:torch":124},"minecraft:picked_up":{"minecraft:stripped_oak_log":1,"minecraft:birch_log":7,"minecraft:wheat":50,"minecraft:azure_bluet":2,"minecraft:andesite":3,"minecraft:glow_ink_sac":8,"minecraft:leather":7,"minecraft:oak_log":139,"minecraft:cobblestone_wall":3,"minecraft:amethyst_block":9,"minecraft:cornflower":1,"minecraft:dirt":144,"minecraft:raw_copper":17,"minecraft:bone":4,"minecraft:apple":2,"minecraft:wheat_seeds":157,"minecraft:cobbled_deepslate":4,"minecraft:beef":8,"minecraft:iron_ingot":2,"minecraft:calcite":6,"minecraft:birch_sapling":1,"minecraft:stone_hoe":1,"minecraft:stick":16,"minecraft:raw_iron":77,"minecraft:smooth_basalt":4,"minecraft:oak_door":3,"minecraft:pumpkin":2,"minecraft:spruce_fence":1,"minecraft:dripstone_block":12,"minecraft:torch":4,"minecraft:dandelion":3,"minecraft:gravel":4,"minecraft:amethyst_shard":8,"minecraft:pointed_dripstone":30,"minecraft:diorite":15,"minecraft:arrow":2,"minecraft:rotten_flesh":6,"minecraft:bone_meal":1,"minecraft:bread":2,"minecraft:oak_sapling":19,"minecraft:coal":72,"minecraft:cobblestone":423},"minecraft:custom":{"minecraft:interact_with_furnace":93,"minecraft:mob_kills":12,"minecraft:animals_bred":3,"minecraft:interact_with_crafting_table":30,"minecraft:open_barrel":54,"minecraft:time_since_death":145454,"minecraft:climb_one_cm":2434,"minecraft:time_since_rest":158108,"minecraft:sprint_one_cm":389569,"minecraft:damage_blocked_by_shield":30,"minecraft:damage_taken":1245,"minecraft:walk_one_cm":378646,"minecraft:drop":11,"minecraft:damage_dealt":1889,"minecraft:swim_one_cm":7132,"minecraft:fly_one_cm":424275,"minecraft:open_chest":8,"minecraft:crouch_one_cm":13650,"minecraft:play_time":167337,"minecraft:deaths":2,"minecraft:sneak_time":4171,"minecraft:walk_under_water_one_cm":5002,"minecraft:boat_one_cm":2639,"minecraft:jump":2394,"minecraft:walk_on_water_one_cm":5066,"minecraft:total_world_time":167337,"minecraft:fall_one_cm":70793},"minecraft:dropped":{"minecraft:bread":2,"minecraft:spyglass":1,"minecraft:wheat_seeds":1,"minecraft:cobblestone_wall":3,"minecraft:rotten_flesh":3,"minecraft:oak_sapling":1,"minecraft:wooden_pickaxe":1,"minecraft:iron_pickaxe":1},"minecraft:broken":{"minecraft:stone_pickaxe":2,"minecraft:iron_pickaxe":1,"minecraft:stone_hoe":1},"minecraft:used":{"minecraft:wheat_seeds":135,"minecraft:water_bucket":13,"minecraft:diorite":11,"minecraft:iron_shovel":117,"minecraft:stone_pickaxe":362,"minecraft:shield":1,"minecraft:wooden_pickaxe":14,"minecraft:iron_sword":26,"minecraft:stone_hoe":152,"minecraft:iron_chestplate":1,"minecraft:oak_door":3,"minecraft:torch":128,"minecraft:dirt":127,"minecraft:campfire":1,"minecraft:spruce_fence":1,"minecraft:azure_bluet":2,"minecraft:pumpkin_seeds":8,"minecraft:oak_log":1,"minecraft:cornflower":1,"minecraft:bread":9,"minecraft:iron_axe":182,"minecraft:birch_sapling":1,"minecraft:iron_pickaxe":285,"minecraft:gravel":4,"minecraft:barrel":4,"minecraft:cobblestone":32,"minecraft:furnace":2,"minecraft:oak_sapling":17,"minecraft:cooked_porkchop":5,"minecraft:andesite":3,"minecraft:bucket":16,"minecraft:oak_boat":2,"minecraft:stripped_oak_log":1,"minecraft:potato":7,"minecraft:dandelion":3,"minecraft:bone_meal":7,"minecraft:pointed_dripstone":1},"minecraft:killed":{"minecraft:skeleton":1,"minecraft:zombie":6,"minecraft:cow":4},"minecraft:mined":{"minecraft:oak_sapling":2,"minecraft:oak_door":2,"minecraft:amethyst_cluster":2,"minecraft:dandelion":2,"minecraft:cornflower":1,"minecraft:torch":2,"minecraft:spruce_fence":1,"minecraft:grass_block":110,"minecraft:calcite":6,"minecraft:copper_ore":2,"minecraft:tall_grass":13,"minecraft:cobblestone":15,"minecraft:diorite":17,"minecraft:amethyst_block":9,"minecraft:wheat":42,"minecraft:birch_log":7,"minecraft:iron_ore":74,"minecraft:fire":2,"minecraft:andesite":3,"minecraft:pumpkin":2,"minecraft:azure_bluet":2,"minecraft:grass":371,"minecraft:pointed_dripstone":21,"minecraft:coal_ore":72,"minecraft:oak_log":139,"minecraft:deepslate_iron_ore":3,"minecraft:stripped_oak_log":1,"minecraft:dripstone_block":13,"minecraft:gravel":4,"minecraft:dirt":36,"minecraft:smooth_basalt":4,"minecraft:stone":410,"minecraft:oak_leaves":33,"minecraft:deepslate":4}},"DataVersion":3465}