{"stats":{"minecraft:crafted":{"minecraft:oak_planks":24,"minecraft:cooked_porkchop":5,"minecraft:wooden_pickaxe":1,"minecraft:furnace":2,"minecraft:copper_ingot":8,"minecraft:bucket":2,"minecraft:pumpkin_seeds":8,"minecraft:air":0,"minecraft:charcoal":19,"minecraft:shield":1,"minecraft:iron_axe":1,"minecraft:stick":28,"minecraft:iron_ingot":56,"minecraft:iron_pickaxe":2,"minecraft:stone_pickaxe":1,"minecraft:iron_shovel":1,"minecraft:torch":76},"minecraft:picked_up":{"minecraft:birch_log":7,"minecraft:azure_bluet":2,"minecraft:andesite":2,"minecraft:glow_ink_sac":8,"minecraft:oak_log":84,"minecraft:cobblestone_wall":3,"minecraft:cornflower":1,"minecraft:dirt":139,"minecraft:raw_copper":8,"minecraft:apple":1,"minecraft:wheat_seeds":58,"minecraft:birch_sapling":1,"minecraft:stone_hoe":1,"minecraft:stick":15,"minecraft:raw_iron":56,"minecraft:oak_door":1,"minecraft:pumpkin":2,"minecraft:torch":4,"minecraft:dandelion":3,"minecraft:gravel":4,"minecraft:diorite":7,"minecraft:rotten_flesh":2,"minecraft:oak_sapling":18,"minecraft:coal":72,"minecraft:cobblestone":142},"minecraft:dropped":{"minecraft:wheat_seeds":1,"minecraft:cobblestone_wall":3,"minecraft:rotten_flesh":2,"minecraft:oak_sapling":1,"minecraft:wooden_pickaxe":1,"minecraft:iron_pickaxe":1},"minecraft:custom":{"minecraft:interact_with_furnace":59,"minecraft:interact_with_crafting_table":16,"minecraft:open_barrel":17,"minecraft:time_since_death":79454,"minecraft:climb_one_cm":1908,"minecraft:time_since_rest":92108,"minecraft:sprint_one_cm":245223,"minecraft:damage_taken":760,"minecraft:walk_one_cm":217997,"minecraft:drop":7,"minecraft:swim_one_cm":409,"minecraft:fly_one_cm":260952,"minecraft:open_chest":3,"minecraft:crouch_one_cm":6636,"minecraft:play_time":101337,"minecraft:deaths":2,"minecraft:sneak_time":1712,"minecraft:walk_under_water_one_cm":221,"minecraft:jump":1312,"minecraft:walk_on_water_one_cm":3269,"minecraft:total_world_time":101337,"minecraft:fall_one_cm":41007},"minecraft:broken":{"minecraft:stone_pickaxe":1},"minecraft:used":{"minecraft:wheat_seeds":57,"minecraft:water_bucket":12,"minecraft:iron_shovel":117,"minecraft:stone_pickaxe":131,"minecraft:wooden_pickaxe":14,"minecraft:stone_hoe":146,"minecraft:oak_door":1,"minecraft:torch":74,"minecraft:dirt":114,"minecraft:azure_bluet":2,"minecraft:pumpkin_seeds":8,"minecraft:cornflower":1,"minecraft:iron_axe":92,"minecraft:birch_sapling":1,"minecraft:iron_pickaxe":144,"minecraft:barrel":4,"minecraft:cobblestone":17,"minecraft:furnace":2,"minecraft:oak_sapling":17,"minecraft:andesite":2,"minecraft:bucket":14,"minecraft:dandelion":3},"minecraft:mined":{"minecraft:oak_sapling":2,"minecraft:dandelion":2,"minecraft:cornflower":1,"minecraft:torch":2,"minecraft:grass_block":107,"minecraft:copper_ore":2,"minecraft:tall_grass":13,"minecraft:cobblestone":10,"minecraft:diorite":7,"minecraft:birch_log":7,"minecraft:iron_ore":56,"minecraft:fire":2,"minecraft:andesite":2,"minecraft:pumpkin":2,"minecraft:azure_bluet":2,"minecraft:grass":371,"minecraft:coal_ore":72,"minecraft:oak_log":84,"minecraft:gravel":4,"minecraft:dirt":34,"minecraft:stone":133,"minecraft:oak_leaves":11}},"DataVersion":3465}