{"stats":{"minecraft:used":{"minecraft:tuff_bricks":129,"minecraft:moss_carpet":6,"minecraft:polished_deepslate":29,"minecraft:iron_shovel":963,"minecraft:oak_sign":9,"minecraft:ladder":10,"minecraft:shield":6,"minecraft:chest":14,"minecraft:iron_sword":280,"minecraft:bell":1,"minecraft:rotten_flesh":4,"minecraft:iron_chestplate":1,"minecraft:carrot":170,"minecraft:deepslate_brick_slab":29,"minecraft:tuff":31,"minecraft:azure_bluet":3,"minecraft:glass":106,"minecraft:lava_bucket":85,"minecraft:birch_sapling":2,"minecraft:iron_helmet":1,"minecraft:stone_brick_stairs":1,"minecraft:stone_bricks":52,"minecraft:birch_trapdoor":20,"minecraft:oak_sapling":43,"minecraft:furnace":2,"minecraft:mangrove_slab":4,"minecraft:egg":7,"minecraft:potato":13,"minecraft:dark_oak_sapling":1,"minecraft:spider_spawn_egg":6,"minecraft:diorite":11,"minecraft:oak_planks":21,"minecraft:stone_pickaxe":372,"minecraft:mangrove_planks":1,"minecraft:wooden_pickaxe":14,"minecraft:composter":3,"minecraft:diamond_axe":567,"minecraft:white_wool":5,"minecraft:polished_tuff_stairs":32,"minecraft:dripstone_block":2,"minecraft:pumpkin_seeds":8,"minecraft:shears":39,"minecraft:deepslate_brick_stairs":55,"minecraft:polished_tuff":12,"minecraft:deepslate_tiles":48,"minecraft:lever":3,"minecraft:birch_slab":91,"minecraft:string":15,"minecraft:bread":51,"minecraft:lectern":107,"minecraft:gravel":57,"minecraft:chiseled_tuff_bricks":1,"minecraft:smithing_table":4,"minecraft:andesite":33,"minecraft:oak_boat":11,"minecraft:air":63,"minecraft:bone_meal":45,"minecraft:oak_trapdoor":40,"minecraft:rose_bush":1,"minecraft:flint_and_steel":1,"minecraft:polished_tuff_wall":1,"minecraft:stone_hoe":298,"minecraft:cooked_chicken":1,"minecraft:oak_door":4,"minecraft:torch":574,"minecraft:brewing_stand":2,"minecraft:dirt":5209,"minecraft:spyglass":11,"minecraft:anvil":1,"minecraft:white_carpet":3,"minecraft:hopper":10,"minecraft:cobblestone_wall":14,"minecraft:golden_shovel":32,"minecraft:granite":6,"minecraft:spruce_fence":1,"minecraft:oak_fence_gate":1,"minecraft:bookshelf":11,"minecraft:iron_axe":947,"minecraft:tuff_wall":23,"minecraft:barrel":42,"minecraft:bamboo":65,"minecraft:tripwire_hook":14,"minecraft:glowstone":7,"minecraft:deepslate_tile_stairs":24,"minecraft:minecart":22,"minecraft:cooked_beef":118,"minecraft:cobbled_deepslate":244,"minecraft:pumpkin":3,"minecraft:pointed_dripstone":3,"minecraft:wheat_seeds":1682,"minecraft:water_bucket":83,"minecraft:amethyst_block":1,"minecraft:cobblestone_stairs":297,"minecraft:glass_bottle":64,"minecraft:polished_andesite":28,"minecraft:tuff_stairs":71,"minecraft:cherry_planks":11,"minecraft:fletching_table":20,"minecraft:stonecutter":1,"minecraft:cobblestone_slab":13,"minecraft:deepslate_bricks":40,"minecraft:mossy_cobblestone":2,"minecraft:rail":178,"minecraft:vine":33,"minecraft:crafting_table":3,"minecraft:oak_slab":106,"minecraft:white_bed":24,"minecraft:campfire":10,"minecraft:oak_log":27,"minecraft:mud":31,"minecraft:wooden_hoe":60,"minecraft:cornflower":2,"minecraft:diamond_pickaxe":3762,"minecraft:apple":1,"minecraft:oxeye_daisy":1,"minecraft:diamond_shovel":6492,"minecraft:iron_pickaxe":2118,"minecraft:cobblestone":274,"minecraft:potion":64,"minecraft:white_banner":1,"minecraft:cooked_porkchop":6,"minecraft:andesite_stairs":19,"minecraft:bucket":169,"minecraft:yellow_bed":1,"minecraft:stripped_oak_log":1,"minecraft:dandelion":7,"minecraft:sculk_catalyst":1},"minecraft:dropped":{"minecraft:lapis_lazuli":12,"minecraft:short_grass":1,"minecraft:ominous_bottle":2,"minecraft:glow_ink_sac":116,"minecraft:ender_pearl":2,"minecraft:diamond":10,"minecraft:weeping_vines":1,"minecraft:iron_horse_armor":2,"minecraft:saddle":2,"minecraft:birch_slab":8,"minecraft:flint":2,"minecraft:emerald":8,"minecraft:gold_block":2,"minecraft:dirt":10,"minecraft:cornflower":5,"minecraft:cut_copper":3,"minecraft:gold_nugget":18,"minecraft:amethyst_shard":2,"minecraft:iron_pickaxe":4,"minecraft:gold_ingot":34,"minecraft:bone":18,"minecraft:oak_door":2,"minecraft:gravel":5,"minecraft:sugar_cane":104,"minecraft:spyglass":1,"minecraft:cooked_chicken":2,"minecraft:iron_nugget":8,"minecraft:cobbled_deepslate":18,"minecraft:wheat":97,"minecraft:obsidian":18,"minecraft:rotten_flesh":87,"minecraft:oak_planks":2,"minecraft:carrot":115,"minecraft:poppy":118,"minecraft:gunpowder":7,"minecraft:mangrove_log":12,"minecraft:arrow":15,"minecraft:beef":16,"minecraft:quartz":40,"minecraft:netherrack":2,"minecraft:egg":3,"minecraft:stone_hoe":8,"minecraft:bread":2,"minecraft:wheat_seeds":268,"minecraft:mangrove_propagule":7,"minecraft:feather":2,"minecraft:cobblestone":18,"minecraft:book":24,"minecraft:apple":1,"minecraft:copper_ingot":26,"minecraft:coal":18,"minecraft:stick":2,"minecraft:oxeye_daisy":5,"minecraft:gray_wool":14,"minecraft:diorite":6,"minecraft:iron_leggings":1,"minecraft:mud":171,"minecraft:iron_shovel":6,"minecraft:string":927,"minecraft:spruce_sapling":6,"minecraft:dandelion":27,"minecraft:redstone":10,"minecraft:nether_wart":68,"minecraft:cobblestone_wall":3,"minecraft:tuff":6,"minecraft:cut_copper_stairs":6,"minecraft:raw_iron":36,"minecraft:iron_boots":1,"minecraft:oak_sign":4,"minecraft:shears":2,"minecraft:flint_and_steel":4,"minecraft:polished_tuff_wall":1,"minecraft:potato":30,"minecraft:iron_chestplate":1,"minecraft:andesite":1,"minecraft:oak_boat":1,"minecraft:oak_sapling":17,"minecraft:spider_eye":4,"minecraft:barrel":4,"minecraft:bamboo":1,"minecraft:stone_pickaxe":13,"minecraft:wooden_pickaxe":1,"minecraft:black_wool":2},"minecraft:killed_by":{"minecraft:warden":2,"minecraft:skeleton":1},"minecraft:mined":{"minecraft:oak_sapling":3,"minecraft:white_bed":17,"minecraft:farmland":83,"minecraft:andesite_stairs":7,"minecraft:cherry_log":62,"minecraft:cobblestone_stairs":50,"minecraft:sculk_vein":4,"minecraft:brewing_stand":3,"minecraft:obsidian":1,"minecraft:granite":136,"minecraft:grass_block":4192,"minecraft:deepslate_bricks":2,"minecraft:soul_soil":3,"minecraft:deepslate_tile_stairs":8,"minecraft:hopper":5,"minecraft:oak_wall_sign":3,"minecraft:nether_wart":20,"minecraft:tuff_bricks":19,"minecraft:raw_iron_block":1,"minecraft:glowstone":1,"minecraft:sculk_catalyst":5,"minecraft:iron_ore":74,"minecraft:barrel":17,"minecraft:cobbled_deepslate":84,"minecraft:fire":5,"minecraft:polished_tuff":1,"minecraft:moss_carpet":6,"minecraft:pumpkin":5,"minecraft:fletching_table":18,"minecraft:azure_bluet":2,"minecraft:sculk_shrieker":5,"minecraft:pointed_dripstone":51,"minecraft:dirt_path":1,"minecraft:deepslate_brick_stairs":7,"minecraft:tuff_wall":7,"minecraft:tripwire":8,"minecraft:deepslate_redstone_ore":38,"minecraft:amethyst_cluster":2,"minecraft:torch":16,"minecraft:calcite":6,"minecraft:chest":10,"minecraft:glass":1,"minecraft:cobblestone":100,"minecraft:oak_planks":7,"minecraft:sugar_cane":32,"minecraft:wall_torch":27,"minecraft:amethyst_block":9,"minecraft:tuff_stairs":24,"minecraft:mud":97,"minecraft:birch_log":132,"minecraft:wheat":643,"minecraft:birch_trapdoor":8,"minecraft:stone_brick_stairs":1,"minecraft:oak_log":594,"minecraft:dirt":3541,"minecraft:smooth_basalt":4,"minecraft:tripwire_hook":2,"minecraft:stonecutter":1,"minecraft:netherrack":50,"minecraft:oak_leaves":160,"minecraft:deepslate":933,"minecraft:polished_tuff_stairs":12,"minecraft:deepslate_tiles":11,"minecraft:tuff":967,"minecraft:mossy_cobblestone":2,"minecraft:dark_oak_leaves":1,"minecraft:deepslate_diamond_ore":14,"minecraft:oak_door":3,"minecraft:ladder":1,"minecraft:spruce_fence":1,"minecraft:birch_slab":7,"minecraft:mangrove_propagule":3,"minecraft:deepslate_brick_slab":6,"minecraft:oak_trapdoor":13,"minecraft:carrots":78,"minecraft:andesite":88,"minecraft:bell":1,"minecraft:polished_deepslate":1,"minecraft:bookshelf":15,"minecraft:potatoes":3,"minecraft:deepslate_iron_ore":60,"minecraft:cobblestone_slab":10,"minecraft:vine":33,"minecraft:rail":103,"minecraft:stripped_oak_log":1,"minecraft:packed_ice":1,"minecraft:bamboo_sapling":1,"minecraft:bamboo":7,"minecraft:cut_copper":1,"minecraft:stone":2877,"minecraft:white_wool":1,"minecraft:smithing_table":1,"minecraft:oak_slab":8,"minecraft:cherry_planks":4,"minecraft:dandelion":12,"minecraft:crafting_table":1,"minecraft:cornflower":1,"minecraft:short_grass":794,"minecraft:rose_bush":1,"minecraft:sculk_sensor":1,"minecraft:lectern":107,"minecraft:copper_ore":10,"minecraft:tall_grass":47,"minecraft:sculk":9,"minecraft:diorite":54,"minecraft:cobblestone_wall":12,"minecraft:birch_leaves":2,"minecraft:mangrove_planks":1,"minecraft:mangrove_leaves":1,"minecraft:yellow_bed":1,"minecraft:mangrove_slab":4,"minecraft:coal_ore":180,"minecraft:cherry_leaves":33,"minecraft:gravel":108,"minecraft:dripstone_block":49,"minecraft:polished_tuff_wall":1,"minecraft:cobweb":33,"minecraft:polished_andesite":3,"minecraft:stone_bricks":13},"minecraft:killed":{"minecraft:witch":1,"minecraft:spider":9,"minecraft:skeleton":16,"minecraft:chicken":1,"minecraft:zombie_villager":3,"minecraft:creeper":9,"minecraft:pillager":2,"minecraft:zombie":81,"minecraft:cow":84,"minecraft:enderman":1},"minecraft:custom":{"minecraft:animals_bred":82,"minecraft:interact_with_crafting_table":144,"minecraft:open_barrel":710,"minecraft:bell_ring":14,"minecraft:leave_game":9,"minecraft:time_since_death":815474,"minecraft:sprint_one_cm":2955583,"minecraft:damage_blocked_by_shield":175,"minecraft:drop":263,"minecraft:talked_to_villager":434,"minecraft:play_time":1223175,"minecraft:deaths":6,"minecraft:jump":17739,"minecraft:interact_with_brewingstand":1,"minecraft:walk_on_water_one_cm":50083,"minecraft:interact_with_furnace":192,"minecraft:traded_with_villager":951,"minecraft:sleep_in_bed":34,"minecraft:damage_dealt":34637,"minecraft:crouch_one_cm":100818,"minecraft:interact_with_anvil":4,"minecraft:mob_kills":212,"minecraft:interact_with_campfire":147,"minecraft:climb_one_cm":23063,"minecraft:walk_one_cm":4067705,"minecraft:sneak_time":29223,"minecraft:walk_under_water_one_cm":34364,"minecraft:boat_one_cm":53827,"minecraft:total_world_time":1223175,"minecraft:interact_with_stonecutter":44,"minecraft:time_since_rest":25565,"minecraft:damage_taken":8556,"minecraft:minecart_one_cm":1493,"minecraft:swim_one_cm":63897,"minecraft:fly_one_cm":3777424,"minecraft:open_chest":243,"minecraft:fall_one_cm":417991},"minecraft:crafted":{"minecraft:smooth_stone":29,"minecraft:oak_planks":1444,"minecraft:cobblestone_slab":6,"minecraft:barrel":21,"minecraft:oak_sign":6,"minecraft:birch_slab":126,"minecraft:stone":128,"minecraft:lever":1,"minecraft:diamond_shovel":5,"minecraft:bookshelf":20,"minecraft:glass":80,"minecraft:hopper":5,"minecraft:bow":8,"minecraft:iron_boots":2,"minecraft:chest":10,"minecraft:rail":56,"minecraft:stone_hoe":11,"minecraft:glass_bottle":6,"minecraft:tuff_wall":11,"minecraft:oak_slab":168,"minecraft:emerald":865,"minecraft:cooked_porkchop":5,"minecraft:diamond_axe":4,"minecraft:crafting_table":2,"minecraft:iron_helmet":2,"minecraft:wooden_pickaxe":1,"minecraft:smithing_table":3,"minecraft:copper_ingot":8,"minecraft:fletching_table":2,"minecraft:birch_planks":272,"minecraft:pumpkin_seeds":8,"minecraft:campfire":10,"minecraft:lectern":3,"minecraft:diamond_pickaxe":3,"minecraft:iron_chestplate":2,"minecraft:wooden_hoe":1,"minecraft:paper":51,"minecraft:charcoal":104,"minecraft:shield":1,"minecraft:stick":1916,"minecraft:iron_ingot":278,"minecraft:iron_pickaxe":12,"minecraft:andesite_stairs":4,"minecraft:iron_block":213,"minecraft:composter":5,"minecraft:chiseled_tuff_bricks":1,"minecraft:shears":1,"minecraft:polished_andesite":16,"minecraft:raw_iron":9,"minecraft:tripwire_hook":2,"minecraft:spyglass":3,"minecraft:tuff_bricks":29,"minecraft:furnace":2,"minecraft:bone_meal":6,"minecraft:white_carpet":3,"minecraft:polished_tuff":9,"minecraft:oak_trapdoor":24,"minecraft:flint_and_steel":1,"minecraft:polished_deepslate":28,"minecraft:iron_axe":4,"minecraft:ladder":9,"minecraft:stone_pickaxe":15,"minecraft:cobblestone_wall":6,"minecraft:minecart":4,"minecraft:cooked_beef":8,"minecraft:tuff_stairs":16,"minecraft:iron_sword":2,"minecraft:mangrove_planks":48,"minecraft:bucket":7,"minecraft:deepslate_tiles":17,"minecraft:amethyst_block":1,"minecraft:enchanted_book":4,"minecraft:bread":61,"minecraft:air":0,"minecraft:oak_fence_gate":1,"minecraft:oak_boat":5,"minecraft:white_wool":9,"minecraft:birch_trapdoor":12,"minecraft:deepslate_tile_stairs":10,"minecraft:iron_shovel":8,"minecraft:iron_leggings":2,"minecraft:anvil":1,"minecraft:white_bed":11,"minecraft:torch":448},"minecraft:picked_up":{"minecraft:wheat":775,"minecraft:smithing_table":1,"minecraft:lead":31,"minecraft:golden_shovel":1,"minecraft:stone_brick_stairs":1,"minecraft:brewing_stand":4,"minecraft:amethyst_block":9,"minecraft:polished_deepslate":1,"minecraft:string":2454,"minecraft:raw_copper":44,"minecraft:soul_soil":3,"minecraft:polished_tuff_stairs":12,"minecraft:oak_sign":10,"minecraft:deepslate_tiles":11,"minecraft:gold_nugget":27,"minecraft:cobbled_deepslate":1003,"minecraft:rose_bush":1,"minecraft:cobblestone_slab":10,"minecraft:calcite":6,"minecraft:iron_pickaxe":1,"minecraft:mangrove_log":24,"minecraft:stick":51,"minecraft:birch_trapdoor":8,"minecraft:torch":126,"minecraft:cut_copper_stairs":9,"minecraft:cherry_log":62,"minecraft:pointed_dripstone":88,"minecraft:diorite":52,"minecraft:vine":33,"minecraft:deepslate_tile_stairs":8,"minecraft:tuff_wall":7,"minecraft:rotten_flesh":162,"minecraft:deepslate_brick_stairs":7,"minecraft:obsidian":28,"minecraft:cobblestone":2849,"minecraft:birch_log":132,"minecraft:feather":1,"minecraft:cooked_beef":133,"minecraft:cherry_planks":4,"minecraft:birch_slab":19,"minecraft:water_bucket":1,"minecraft:andesite":87,"minecraft:tuff_stairs":24,"minecraft:potato":63,"minecraft:flint":14,"minecraft:tuff":957,"minecraft:lapis_lazuli":18,"minecraft:mangrove_slab":8,"minecraft:dirt":7709,"minecraft:bone":43,"minecraft:bow":8,"minecraft:stonecutter":1,"minecraft:wheat_seeds":2166,"minecraft:deepslate_brick_slab":9,"minecraft:bell":1,"minecraft:glowstone_dust":4,"minecraft:fletching_table":20,"minecraft:bamboo":66,"minecraft:stone_hoe":8,"minecraft:oak_planks":7,"minecraft:barrel":21,"minecraft:mossy_cobblestone":2,"minecraft:polished_andesite":3,"minecraft:diamond":33,"minecraft:lever":2,"minecraft:granite":134,"minecraft:bone_meal":43,"minecraft:emerald":12,"minecraft:bread":2,"minecraft:oak_sapling":63,"minecraft:netherrack":6,"minecraft:crafting_table":1,"minecraft:mud":221,"minecraft:ladder":1,"minecraft:azure_bluet":3,"minecraft:ominous_bottle":4,"minecraft:polished_tuff_wall":1,"minecraft:chicken":1,"minecraft:nether_wart":122,"minecraft:gold_block":3,"minecraft:cornflower":7,"minecraft:oak_trapdoor":14,"minecraft:moss_carpet":6,"minecraft:flint_and_steel":6,"minecraft:beef":171,"minecraft:andesite_stairs":7,"minecraft:oak_boat":13,"minecraft:iron_nugget":12,"minecraft:poppy":175,"minecraft:chest":9,"minecraft:minecart":23,"minecraft:lectern":107,"minecraft:sugar_cane":219,"minecraft:birch_sapling":5,"minecraft:phantom_membrane":2,"minecraft:egg":10,"minecraft:dark_oak_sapling":1,"minecraft:raw_iron":186,"minecraft:oak_door":5,"minecraft:copper_ingot":39,"minecraft:spruce_fence":1,"minecraft:carrot":288,"minecraft:redstone":238,"minecraft:iron_horse_armor":3,"minecraft:arrow":31,"minecraft:deepslate_bricks":2,"minecraft:shears":3,"minecraft:cut_copper":3,"minecraft:saddle":4,"minecraft:gold_ingot":51,"minecraft:tuff_bricks":19,"minecraft:rail":127,"minecraft:white_wool":48,"minecraft:oxeye_daisy":6,"minecraft:stripped_oak_log":1,"minecraft:glow_ink_sac":200,"minecraft:tripwire_hook":4,"minecraft:leather":84,"minecraft:oak_log":594,"minecraft:cobblestone_wall":15,"minecraft:yellow_bed":1,"minecraft:gunpowder":16,"minecraft:cobblestone_stairs":50,"minecraft:white_banner":1,"minecraft:apple":4,"minecraft:stone_bricks":13,"minecraft:iron_ingot":312,"minecraft:cooked_chicken":3,"minecraft:mangrove_planks":1,"minecraft:book":81,"minecraft:sculk_catalyst":1,"minecraft:oak_slab":8,"minecraft:smooth_basalt":4,"minecraft:pumpkin":5,"minecraft:quartz":60,"minecraft:dandelion":34,"minecraft:spyglass":1,"minecraft:raw_iron_block":1,"minecraft:dripstone_block":49,"minecraft:gravel":88,"minecraft:amethyst_shard":9,"minecraft:spruce_sapling":9,"minecraft:white_bed":18,"minecraft:polished_tuff":1,"minecraft:spider_eye":3,"minecraft:short_grass":1,"minecraft:cherry_sapling":34,"minecraft:gray_wool":28,"minecraft:black_wool":4,"minecraft:mangrove_propagule":7,"minecraft:coal":207,"minecraft:hopper":5,"minecraft:ender_pearl":3},"minecraft:broken":{"minecraft:iron_shovel":2,"minecraft:golden_shovel":1,"minecraft:stone_pickaxe":2,"minecraft:diamond_shovel":4,"minecraft:diamond_pickaxe":1,"minecraft:iron_sword":1,"minecraft:stone_hoe":1,"minecraft:iron_axe":4,"minecraft:iron_pickaxe":8,"minecraft:iron_helmet":2,"minecraft:wooden_hoe":1}},"DataVersion":3953}