{"stats":{"minecraft:crafted":{"minecraft:oak_planks":24,"minecraft:cooked_porkchop":5,"minecraft:shield":1,"minecraft:iron_axe":1,"minecraft:stick":12,"minecraft:iron_pickaxe":2,"minecraft:iron_ingot":16,"minecraft:wooden_pickaxe":1,"minecraft:stone_pickaxe":1,"minecraft:furnace":2,"minecraft:bucket":2,"minecraft:pumpkin_seeds":8,"minecraft:air":0},"minecraft:picked_up":{"minecraft:birch_log":7,"minecraft:stick":2,"minecraft:raw_iron":56,"minecraft:azure_bluet":2,"minecraft:glow_ink_sac":8,"minecraft:pumpkin":2,"minecraft:andesite":2,"minecraft:dandelion":2,"minecraft:oak_log":45,"minecraft:diorite":7,"minecraft:cornflower":1,"minecraft:dirt":20,"minecraft:raw_copper":8,"minecraft:rotten_flesh":2,"minecraft:coal":72,"minecraft:cobblestone":100},"minecraft:dropped":{"minecraft:rotten_flesh":2,"minecraft:iron_pickaxe":1},"minecraft:custom":{"minecraft:time_since_rest":44108,"minecraft:interact_with_furnace":35,"minecraft:sprint_one_cm":113159,"minecraft:damage_taken":610,"minecraft:walk_one_cm":86003,"minecraft:drop":3,"minecraft:interact_with_crafting_table":10,"minecraft:fly_one_cm":129034,"minecraft:crouch_one_cm":4851,"minecraft:play_time":53337,"minecraft:deaths":2,"minecraft:sneak_time":1443,"minecraft:jump":762,"minecraft:walk_on_water_one_cm":961,"minecraft:time_since_death":31454,"minecraft:total_world_time":53337,"minecraft:fall_one_cm":22285},"minecraft:broken":{"minecraft:stone_pickaxe":1},"minecraft:used":{"minecraft:cornflower":1,"minecraft:iron_axe":47,"minecraft:stone_pickaxe":131,"minecraft:iron_pickaxe":104,"minecraft:wooden_pickaxe":14,"minecraft:dirt":15,"minecraft:cobblestone":2,"minecraft:furnace":2,"minecraft:andesite":2,"minecraft:dandelion":2},"minecraft:mined":{"minecraft:birch_log":7,"minecraft:iron_ore":56,"minecraft:fire":2,"minecraft:andesite":2,"minecraft:dandelion":1,"minecraft:pumpkin":2,"minecraft:azure_bluet":2,"minecraft:cornflower":1,"minecraft:oak_log":46,"minecraft:grass_block":16,"minecraft:coal_ore":72,"minecraft:dirt":7,"minecraft:cobblestone":1,"minecraft:tall_grass":1,"minecraft:copper_ore":2,"minecraft:stone":102,"minecraft:diorite":7,"minecraft:oak_leaves":4}},"DataVersion":3465}