{"stats":{"minecraft:used":{"minecraft:tuff_bricks":117,"minecraft:moss_carpet":6,"minecraft:polished_deepslate":29,"minecraft:iron_shovel":532,"minecraft:oak_sign":9,"minecraft:ladder":10,"minecraft:shield":6,"minecraft:chest":14,"minecraft:iron_sword":280,"minecraft:bell":1,"minecraft:rotten_flesh":4,"minecraft:iron_chestplate":1,"minecraft:carrot":165,"minecraft:azure_bluet":2,"minecraft:glass":106,"minecraft:lava_bucket":48,"minecraft:birch_sapling":2,"minecraft:iron_helmet":1,"minecraft:stone_bricks":46,"minecraft:oak_sapling":43,"minecraft:furnace":2,"minecraft:mangrove_slab":4,"minecraft:egg":7,"minecraft:potato":9,"minecraft:dark_oak_sapling":1,"minecraft:spider_spawn_egg":6,"minecraft:diorite":11,"minecraft:oak_planks":21,"minecraft:stone_pickaxe":372,"minecraft:mangrove_planks":1,"minecraft:wooden_pickaxe":14,"minecraft:composter":3,"minecraft:diamond_axe":63,"minecraft:white_wool":1,"minecraft:pumpkin_seeds":8,"minecraft:shears":39,"minecraft:deepslate_brick_stairs":41,"minecraft:lever":3,"minecraft:birch_slab":13,"minecraft:string":13,"minecraft:bread":51,"minecraft:lectern":2,"minecraft:gravel":4,"minecraft:smithing_table":3,"minecraft:andesite":3,"minecraft:oak_boat":11,"minecraft:air":63,"minecraft:bone_meal":45,"minecraft:oak_trapdoor":38,"minecraft:rose_bush":1,"minecraft:flint_and_steel":1,"minecraft:stone_hoe":298,"minecraft:oak_door":3,"minecraft:torch":375,"minecraft:brewing_stand":2,"minecraft:dirt":561,"minecraft:spyglass":11,"minecraft:hopper":10,"minecraft:cobblestone_wall":2,"minecraft:golden_shovel":32,"minecraft:granite":2,"minecraft:spruce_fence":1,"minecraft:oak_fence_gate":1,"minecraft:iron_axe":947,"minecraft:barrel":23,"minecraft:bamboo":65,"minecraft:tripwire_hook":14,"minecraft:glowstone":1,"minecraft:minecart":10,"minecraft:cooked_beef":67,"minecraft:cobbled_deepslate":138,"minecraft:pumpkin":3,"minecraft:pointed_dripstone":3,"minecraft:wheat_seeds":1371,"minecraft:water_bucket":81,"minecraft:amethyst_block":1,"minecraft:cobblestone_stairs":267,"minecraft:glass_bottle":64,"minecraft:cherry_planks":11,"minecraft:fletching_table":20,"minecraft:stonecutter":1,"minecraft:cobblestone_slab":7,"minecraft:mossy_cobblestone":2,"minecraft:rail":92,"minecraft:vine":33,"minecraft:crafting_table":1,"minecraft:oak_slab":32,"minecraft:white_bed":21,"minecraft:campfire":9,"minecraft:oak_log":26,"minecraft:mud":31,"minecraft:wooden_hoe":60,"minecraft:cornflower":1,"minecraft:apple":1,"minecraft:oxeye_daisy":1,"minecraft:iron_pickaxe":2117,"minecraft:cobblestone":239,"minecraft:potion":64,"minecraft:white_banner":1,"minecraft:cooked_porkchop":5,"minecraft:bucket":130,"minecraft:yellow_bed":1,"minecraft:stripped_oak_log":1,"minecraft:dandelion":6,"minecraft:sculk_catalyst":1},"minecraft:dropped":{"minecraft:short_grass":1,"minecraft:ominous_bottle":2,"minecraft:lapis_lazuli":12,"minecraft:glow_ink_sac":116,"minecraft:ender_pearl":2,"minecraft:diamond":10,"minecraft:weeping_vines":1,"minecraft:iron_horse_armor":2,"minecraft:saddle":2,"minecraft:birch_slab":8,"minecraft:flint":2,"minecraft:emerald":8,"minecraft:gold_block":2,"minecraft:dirt":7,"minecraft:cornflower":5,"minecraft:cut_copper":3,"minecraft:gold_nugget":18,"minecraft:amethyst_shard":2,"minecraft:iron_pickaxe":1,"minecraft:gold_ingot":34,"minecraft:bone":18,"minecraft:oak_door":1,"minecraft:gravel":5,"minecraft:sugar_cane":104,"minecraft:spyglass":1,"minecraft:cooked_chicken":2,"minecraft:iron_nugget":8,"minecraft:cobbled_deepslate":4,"minecraft:wheat":97,"minecraft:obsidian":18,"minecraft:rotten_flesh":56,"minecraft:oak_planks":2,"minecraft:carrot":115,"minecraft:poppy":116,"minecraft:mangrove_log":12,"minecraft:gunpowder":6,"minecraft:arrow":15,"minecraft:beef":16,"minecraft:quartz":40,"minecraft:netherrack":2,"minecraft:egg":3,"minecraft:stone_hoe":7,"minecraft:bread":2,"minecraft:wheat_seeds":233,"minecraft:mangrove_propagule":7,"minecraft:cobblestone":18,"minecraft:book":24,"minecraft:copper_ingot":26,"minecraft:coal":18,"minecraft:stick":2,"minecraft:oxeye_daisy":2,"minecraft:gray_wool":14,"minecraft:diorite":6,"minecraft:iron_leggings":1,"minecraft:mud":171,"minecraft:iron_shovel":1,"minecraft:string":90,"minecraft:spruce_sapling":6,"minecraft:dandelion":25,"minecraft:redstone":10,"minecraft:nether_wart":68,"minecraft:cobblestone_wall":3,"minecraft:tuff":6,"minecraft:cut_copper_stairs":6,"minecraft:raw_iron":36,"minecraft:iron_boots":1,"minecraft:oak_sign":4,"minecraft:shears":2,"minecraft:flint_and_steel":4,"minecraft:potato":30,"minecraft:iron_chestplate":1,"minecraft:andesite":1,"minecraft:oak_boat":1,"minecraft:oak_sapling":7,"minecraft:spider_eye":4,"minecraft:barrel":4,"minecraft:bamboo":1,"minecraft:stone_pickaxe":1,"minecraft:wooden_pickaxe":1,"minecraft:black_wool":2},"minecraft:killed_by":{"minecraft:warden":2,"minecraft:skeleton":1},"minecraft:mined":{"minecraft:white_bed":11,"minecraft:oak_sapling":3,"minecraft:farmland":3,"minecraft:cobblestone_stairs":20,"minecraft:sculk_vein":2,"minecraft:brewing_stand":3,"minecraft:granite":87,"minecraft:grass_block":503,"minecraft:hopper":5,"minecraft:oak_wall_sign":3,"minecraft:nether_wart":20,"minecraft:tuff_bricks":19,"minecraft:raw_iron_block":1,"minecraft:iron_ore":74,"minecraft:cobbled_deepslate":54,"minecraft:fire":5,"minecraft:barrel":14,"minecraft:pumpkin":5,"minecraft:moss_carpet":6,"minecraft:fletching_table":18,"minecraft:azure_bluet":2,"minecraft:sculk_shrieker":3,"minecraft:pointed_dripstone":31,"minecraft:dirt_path":1,"minecraft:deepslate_brick_stairs":7,"minecraft:tripwire":7,"minecraft:amethyst_cluster":2,"minecraft:torch":6,"minecraft:calcite":6,"minecraft:chest":10,"minecraft:glass":1,"minecraft:cobblestone":77,"minecraft:oak_planks":7,"minecraft:sugar_cane":24,"minecraft:wall_torch":16,"minecraft:amethyst_block":9,"minecraft:mud":97,"minecraft:birch_log":126,"minecraft:wheat":532,"minecraft:oak_log":571,"minecraft:dirt":355,"minecraft:smooth_basalt":4,"minecraft:tripwire_hook":2,"minecraft:stonecutter":1,"minecraft:netherrack":9,"minecraft:oak_leaves":160,"minecraft:deepslate":207,"minecraft:tuff":103,"minecraft:mossy_cobblestone":2,"minecraft:dark_oak_leaves":1,"minecraft:deepslate_diamond_ore":2,"minecraft:oak_door":3,"minecraft:ladder":1,"minecraft:spruce_fence":1,"minecraft:birch_slab":4,"minecraft:mangrove_propagule":3,"minecraft:oak_trapdoor":11,"minecraft:carrots":77,"minecraft:andesite":83,"minecraft:bell":1,"minecraft:polished_deepslate":1,"minecraft:bookshelf":4,"minecraft:potatoes":2,"minecraft:deepslate_iron_ore":56,"minecraft:cobblestone_slab":4,"minecraft:vine":33,"minecraft:rail":66,"minecraft:stripped_oak_log":1,"minecraft:packed_ice":1,"minecraft:bamboo_sapling":1,"minecraft:bamboo":7,"minecraft:cut_copper":1,"minecraft:stone":1261,"minecraft:white_wool":1,"minecraft:smithing_table":1,"minecraft:oak_slab":5,"minecraft:cherry_planks":4,"minecraft:dandelion":12,"minecraft:cornflower":1,"minecraft:short_grass":478,"minecraft:rose_bush":1,"minecraft:sculk_sensor":1,"minecraft:lectern":4,"minecraft:copper_ore":5,"minecraft:tall_grass":27,"minecraft:sculk":2,"minecraft:diorite":54,"minecraft:birch_leaves":2,"minecraft:mangrove_planks":1,"minecraft:mangrove_leaves":1,"minecraft:yellow_bed":1,"minecraft:mangrove_slab":4,"minecraft:coal_ore":99,"minecraft:gravel":10,"minecraft:dripstone_block":44,"minecraft:cobweb":33,"minecraft:stone_bricks":10},"minecraft:killed":{"minecraft:witch":1,"minecraft:spider":4,"minecraft:skeleton":10,"minecraft:chicken":1,"minecraft:zombie_villager":1,"minecraft:creeper":3,"minecraft:pillager":2,"minecraft:zombie":27,"minecraft:cow":51,"minecraft:enderman":1},"minecraft:custom":{"minecraft:animals_bred":45,"minecraft:interact_with_crafting_table":114,"minecraft:open_barrel":295,"minecraft:bell_ring":14,"minecraft:leave_game":6,"minecraft:time_since_death":349760,"minecraft:sprint_one_cm":2044388,"minecraft:damage_blocked_by_shield":175,"minecraft:drop":191,"minecraft:talked_to_villager":176,"minecraft:play_time":757461,"minecraft:deaths":6,"minecraft:jump":12638,"minecraft:interact_with_brewingstand":1,"minecraft:walk_on_water_one_cm":45369,"minecraft:interact_with_furnace":176,"minecraft:traded_with_villager":458,"minecraft:sleep_in_bed":20,"minecraft:damage_dealt":18027,"minecraft:crouch_one_cm":73171,"minecraft:mob_kills":104,"minecraft:interact_with_campfire":82,"minecraft:climb_one_cm":18884,"minecraft:walk_one_cm":2090270,"minecraft:sneak_time":21353,"minecraft:walk_under_water_one_cm":32611,"minecraft:boat_one_cm":53827,"minecraft:total_world_time":757461,"minecraft:interact_with_stonecutter":12,"minecraft:time_since_rest":10062,"minecraft:damage_taken":6218,"minecraft:swim_one_cm":63897,"minecraft:fly_one_cm":2753281,"minecraft:open_chest":184,"minecraft:fall_one_cm":354218},"minecraft:crafted":{"minecraft:barrel":5,"minecraft:oak_planks":1224,"minecraft:smooth_stone":29,"minecraft:cobblestone_slab":6,"minecraft:oak_sign":6,"minecraft:birch_slab":126,"minecraft:stone":100,"minecraft:lever":1,"minecraft:glass":64,"minecraft:hopper":5,"minecraft:bow":8,"minecraft:iron_boots":2,"minecraft:chest":10,"minecraft:rail":56,"minecraft:stone_hoe":11,"minecraft:glass_bottle":6,"minecraft:oak_slab":60,"minecraft:emerald":422,"minecraft:cooked_porkchop":5,"minecraft:diamond_axe":4,"minecraft:crafting_table":1,"minecraft:iron_helmet":2,"minecraft:wooden_pickaxe":1,"minecraft:smithing_table":2,"minecraft:copper_ingot":8,"minecraft:fletching_table":2,"minecraft:birch_planks":248,"minecraft:pumpkin_seeds":8,"minecraft:campfire":9,"minecraft:wooden_hoe":1,"minecraft:iron_chestplate":2,"minecraft:diamond_pickaxe":1,"minecraft:charcoal":62,"minecraft:shield":1,"minecraft:stick":1916,"minecraft:iron_ingot":125,"minecraft:iron_pickaxe":10,"minecraft:composter":3,"minecraft:shears":1,"minecraft:raw_iron":9,"minecraft:tripwire_hook":2,"minecraft:spyglass":3,"minecraft:tuff_bricks":20,"minecraft:furnace":2,"minecraft:bone_meal":6,"minecraft:oak_trapdoor":24,"minecraft:flint_and_steel":1,"minecraft:polished_deepslate":28,"minecraft:iron_axe":4,"minecraft:ladder":9,"minecraft:stone_pickaxe":3,"minecraft:cobblestone_wall":6,"minecraft:minecart":4,"minecraft:cooked_beef":8,"minecraft:iron_sword":2,"minecraft:mangrove_planks":48,"minecraft:bucket":7,"minecraft:amethyst_block":1,"minecraft:bread":61,"minecraft:air":0,"minecraft:oak_fence_gate":1,"minecraft:oak_boat":5,"minecraft:white_wool":9,"minecraft:iron_shovel":8,"minecraft:iron_leggings":2,"minecraft:white_bed":9,"minecraft:torch":336},"minecraft:picked_up":{"minecraft:wheat":664,"minecraft:smithing_table":1,"minecraft:lead":31,"minecraft:golden_shovel":1,"minecraft:brewing_stand":4,"minecraft:amethyst_block":9,"minecraft:polished_deepslate":1,"minecraft:string":1076,"minecraft:raw_copper":26,"minecraft:oak_sign":10,"minecraft:gold_nugget":27,"minecraft:cobbled_deepslate":260,"minecraft:rose_bush":1,"minecraft:cobblestone_slab":4,"minecraft:calcite":6,"minecraft:mangrove_log":24,"minecraft:stick":38,"minecraft:torch":39,"minecraft:cut_copper_stairs":9,"minecraft:pointed_dripstone":54,"minecraft:diorite":52,"minecraft:vine":33,"minecraft:rotten_flesh":102,"minecraft:deepslate_brick_stairs":7,"minecraft:obsidian":27,"minecraft:cobblestone":1333,"minecraft:birch_log":126,"minecraft:feather":1,"minecraft:cooked_beef":76,"minecraft:cherry_planks":4,"minecraft:birch_slab":16,"minecraft:water_bucket":1,"minecraft:andesite":82,"minecraft:potato":53,"minecraft:flint":4,"minecraft:tuff":103,"minecraft:lapis_lazuli":18,"minecraft:mangrove_slab":8,"minecraft:dirt":874,"minecraft:bone":36,"minecraft:stonecutter":1,"minecraft:bow":8,"minecraft:wheat_seeds":1764,"minecraft:bell":1,"minecraft:fletching_table":20,"minecraft:bamboo":66,"minecraft:stone_hoe":8,"minecraft:oak_planks":7,"minecraft:barrel":18,"minecraft:mossy_cobblestone":2,"minecraft:diamond":15,"minecraft:lever":2,"minecraft:granite":87,"minecraft:bone_meal":33,"minecraft:emerald":12,"minecraft:bread":2,"minecraft:oak_sapling":50,"minecraft:netherrack":4,"minecraft:mud":221,"minecraft:ladder":1,"minecraft:azure_bluet":2,"minecraft:ominous_bottle":4,"minecraft:chicken":1,"minecraft:nether_wart":122,"minecraft:gold_block":3,"minecraft:cornflower":6,"minecraft:oak_trapdoor":12,"minecraft:moss_carpet":6,"minecraft:flint_and_steel":6,"minecraft:beef":106,"minecraft:oak_boat":13,"minecraft:iron_nugget":12,"minecraft:poppy":173,"minecraft:minecart":9,"minecraft:lectern":4,"minecraft:chest":9,"minecraft:sugar_cane":203,"minecraft:birch_sapling":2,"minecraft:phantom_membrane":2,"minecraft:egg":10,"minecraft:dark_oak_sapling":1,"minecraft:raw_iron":182,"minecraft:oak_door":4,"minecraft:copper_ingot":39,"minecraft:spruce_fence":1,"minecraft:carrot":279,"minecraft:redstone":20,"minecraft:iron_horse_armor":3,"minecraft:arrow":28,"minecraft:shears":3,"minecraft:cut_copper":3,"minecraft:saddle":4,"minecraft:gold_ingot":51,"minecraft:tuff_bricks":19,"minecraft:rail":74,"minecraft:white_wool":48,"minecraft:oxeye_daisy":3,"minecraft:stripped_oak_log":1,"minecraft:glow_ink_sac":200,"minecraft:tripwire_hook":4,"minecraft:leather":54,"minecraft:oak_log":571,"minecraft:cobblestone_wall":3,"minecraft:yellow_bed":1,"minecraft:gunpowder":9,"minecraft:cobblestone_stairs":20,"minecraft:white_banner":1,"minecraft:apple":4,"minecraft:stone_bricks":10,"minecraft:iron_ingot":252,"minecraft:cooked_chicken":3,"minecraft:mangrove_planks":1,"minecraft:book":48,"minecraft:sculk_catalyst":1,"minecraft:oak_slab":5,"minecraft:smooth_basalt":4,"minecraft:pumpkin":5,"minecraft:dripstone_block":44,"minecraft:quartz":60,"minecraft:dandelion":31,"minecraft:spyglass":1,"minecraft:raw_iron_block":1,"minecraft:gravel":9,"minecraft:amethyst_shard":9,"minecraft:spruce_sapling":9,"minecraft:white_bed":12,"minecraft:spider_eye":3,"minecraft:short_grass":1,"minecraft:gray_wool":28,"minecraft:black_wool":4,"minecraft:mangrove_propagule":7,"minecraft:coal":126,"minecraft:hopper":5,"minecraft:ender_pearl":3},"minecraft:broken":{"minecraft:iron_shovel":1,"minecraft:golden_shovel":1,"minecraft:stone_pickaxe":2,"minecraft:iron_sword":1,"minecraft:stone_hoe":1,"minecraft:iron_axe":4,"minecraft:iron_pickaxe":8,"minecraft:iron_helmet":1,"minecraft:wooden_hoe":1}},"DataVersion":3953}