{"stats":{"minecraft:crafted":{"minecraft:oak_planks":24,"minecraft:cooked_porkchop":5,"minecraft:shield":1,"minecraft:iron_axe":1,"minecraft:stick":12,"minecraft:iron_pickaxe":2,"minecraft:iron_ingot":16,"minecraft:wooden_pickaxe":1,"minecraft:stone_pickaxe":1,"minecraft:furnace":2,"minecraft:bucket":2,"minecraft:pumpkin_seeds":8,"minecraft:air":0},"minecraft:picked_up":{"minecraft:birch_log":7,"minecraft:stick":15,"minecraft:raw_iron":56,"minecraft:azure_bluet":2,"minecraft:glow_ink_sac":8,"minecraft:pumpkin":2,"minecraft:andesite":2,"minecraft:dandelion":2,"minecraft:oak_log":84,"minecraft:diorite":7,"minecraft:cornflower":1,"minecraft:dirt":20,"minecraft:raw_copper":8,"minecraft:rotten_flesh":2,"minecraft:apple":1,"minecraft:oak_sapling":17,"minecraft:birch_sapling":1,"minecraft:coal":72,"minecraft:cobblestone":109},"minecraft:dropped":{"minecraft:oak_sapling":1,"minecraft:rotten_flesh":2,"minecraft:wooden_pickaxe":1,"minecraft:iron_pickaxe":1},"minecraft:custom":{"minecraft:time_since_rest":56108,"minecraft:interact_with_furnace":36,"minecraft:sprint_one_cm":164468,"minecraft:damage_taken":700,"minecraft:walk_one_cm":103445,"minecraft:drop":5,"minecraft:swim_one_cm":409,"minecraft:interact_with_crafting_table":10,"minecraft:fly_one_cm":215837,"minecraft:open_barrel":1,"minecraft:open_chest":2,"minecraft:crouch_one_cm":4909,"minecraft:play_time":65337,"minecraft:deaths":2,"minecraft:walk_under_water_one_cm":221,"minecraft:sneak_time":1451,"minecraft:jump":1096,"minecraft:walk_on_water_one_cm":2922,"minecraft:time_since_death":43454,"minecraft:climb_one_cm":1360,"minecraft:total_world_time":65337,"minecraft:fall_one_cm":35632},"minecraft:broken":{"minecraft:stone_pickaxe":1},"minecraft:used":{"minecraft:water_bucket":4,"minecraft:cornflower":1,"minecraft:birch_sapling":1,"minecraft:iron_axe":92,"minecraft:stone_pickaxe":131,"minecraft:iron_pickaxe":113,"minecraft:wooden_pickaxe":14,"minecraft:dirt":15,"minecraft:cobblestone":11,"minecraft:oak_sapling":16,"minecraft:furnace":2,"minecraft:bucket":6,"minecraft:andesite":2,"minecraft:dandelion":2},"minecraft:mined":{"minecraft:oak_sapling":1,"minecraft:birch_log":7,"minecraft:iron_ore":56,"minecraft:fire":2,"minecraft:andesite":2,"minecraft:dandelion":1,"minecraft:pumpkin":2,"minecraft:azure_bluet":2,"minecraft:cornflower":1,"minecraft:oak_log":84,"minecraft:grass_block":16,"minecraft:coal_ore":72,"minecraft:dirt":7,"minecraft:cobblestone":10,"minecraft:tall_grass":1,"minecraft:copper_ore":2,"minecraft:stone":102,"minecraft:diorite":7,"minecraft:oak_leaves":11}},"DataVersion":3465}