{"stats":{"minecraft:crafted":{"minecraft:oak_planks":84,"minecraft:raw_iron":9,"minecraft:cobblestone_slab":6,"minecraft:spyglass":3,"minecraft:furnace":2,"minecraft:bone_meal":6,"minecraft:oak_trapdoor":2,"minecraft:flint_and_steel":1,"minecraft:iron_boots":1,"minecraft:iron_axe":1,"minecraft:stone_pickaxe":3,"minecraft:cooked_beef":8,"minecraft:cooked_porkchop":5,"minecraft:crafting_table":1,"minecraft:wooden_pickaxe":1,"minecraft:iron_helmet":1,"minecraft:iron_sword":1,"minecraft:copper_ingot":8,"minecraft:bucket":7,"minecraft:birch_planks":28,"minecraft:pumpkin_seeds":8,"minecraft:campfire":1,"minecraft:amethyst_block":1,"minecraft:bread":37,"minecraft:air":0,"minecraft:oak_boat":4,"minecraft:white_wool":9,"minecraft:iron_chestplate":1,"minecraft:charcoal":54,"minecraft:shield":1,"minecraft:stick":100,"minecraft:iron_ingot":125,"minecraft:iron_pickaxe":5,"minecraft:iron_shovel":1,"minecraft:iron_leggings":1,"minecraft:white_bed":7,"minecraft:torch":236,"minecraft:shears":1},"minecraft:picked_up":{"minecraft:wheat":224,"minecraft:azure_bluet":2,"minecraft:ominous_bottle":1,"minecraft:nether_wart":20,"minecraft:brewing_stand":1,"minecraft:amethyst_block":9,"minecraft:cornflower":5,"minecraft:string":35,"minecraft:raw_copper":17,"minecraft:cobbled_deepslate":59,"minecraft:beef":26,"minecraft:oak_boat":1,"minecraft:cobblestone_slab":4,"minecraft:calcite":6,"minecraft:poppy":2,"minecraft:lectern":2,"minecraft:sugar_cane":15,"minecraft:birch_sapling":1,"minecraft:stick":18,"minecraft:raw_iron":128,"minecraft:oak_door":3,"minecraft:torch":11,"minecraft:spruce_fence":1,"minecraft:pointed_dripstone":52,"minecraft:diorite":38,"minecraft:rotten_flesh":13,"minecraft:arrow":8,"minecraft:cut_copper":3,"minecraft:white_wool":48,"minecraft:oxeye_daisy":2,"minecraft:cobblestone":602,"minecraft:stripped_oak_log":1,"minecraft:birch_log":7,"minecraft:cooked_beef":16,"minecraft:cherry_planks":1,"minecraft:glow_ink_sac":26,"minecraft:andesite":6,"minecraft:leather":10,"minecraft:potato":8,"minecraft:flint":1,"minecraft:tuff":7,"minecraft:oak_log":149,"minecraft:cobblestone_wall":3,"minecraft:dirt":252,"minecraft:white_banner":1,"minecraft:bone":7,"minecraft:apple":2,"minecraft:wheat_seeds":638,"minecraft:iron_ingot":2,"minecraft:stone_hoe":1,"minecraft:book":12,"minecraft:sculk_catalyst":1,"minecraft:smooth_basalt":4,"minecraft:pumpkin":2,"minecraft:dandelion":21,"minecraft:gravel":7,"minecraft:raw_iron_block":1,"minecraft:dripstone_block":31,"minecraft:amethyst_shard":9,"minecraft:white_bed":5,"minecraft:granite":56,"minecraft:bone_meal":12,"minecraft:black_wool":1,"minecraft:gray_wool":7,"minecraft:bread":2,"minecraft:coal":99,"minecraft:oak_sapling":23,"minecraft:netherrack":4},"minecraft:used":{"minecraft:oak_trapdoor":1,"minecraft:iron_shovel":215,"minecraft:flint_and_steel":1,"minecraft:shield":6,"minecraft:iron_sword":150,"minecraft:stone_hoe":152,"minecraft:iron_chestplate":1,"minecraft:oak_door":3,"minecraft:torch":225,"minecraft:brewing_stand":1,"minecraft:dirt":141,"minecraft:spyglass":11,"minecraft:spruce_fence":1,"minecraft:azure_bluet":2,"minecraft:lava_bucket":11,"minecraft:iron_axe":225,"minecraft:birch_sapling":1,"minecraft:barrel":4,"minecraft:glowstone":1,"minecraft:oak_sapling":17,"minecraft:furnace":2,"minecraft:cooked_beef":9,"minecraft:potato":9,"minecraft:cobbled_deepslate":15,"minecraft:pointed_dripstone":1,"minecraft:wheat_seeds":553,"minecraft:water_bucket":49,"minecraft:diorite":11,"minecraft:amethyst_block":1,"minecraft:stone_pickaxe":372,"minecraft:wooden_pickaxe":14,"minecraft:cherry_planks":1,"minecraft:cobblestone_slab":6,"minecraft:white_wool":1,"minecraft:crafting_table":1,"minecraft:white_bed":7,"minecraft:campfire":1,"minecraft:pumpkin_seeds":8,"minecraft:oak_log":1,"minecraft:cornflower":1,"minecraft:bread":38,"minecraft:iron_pickaxe":749,"minecraft:lectern":2,"minecraft:gravel":4,"minecraft:cobblestone":63,"minecraft:cooked_porkchop":5,"minecraft:andesite":3,"minecraft:bucket":63,"minecraft:oak_boat":3,"minecraft:stripped_oak_log":1,"minecraft:dandelion":3,"minecraft:bone_meal":10,"minecraft:sculk_catalyst":1},"minecraft:mined":{"minecraft:tuff":7,"minecraft:white_bed":4,"minecraft:oak_sapling":2,"minecraft:deepslate_diamond_ore":2,"minecraft:oak_door":2,"minecraft:sculk_vein":2,"minecraft:brewing_stand":1,"minecraft:granite":56,"minecraft:grass_block":203,"minecraft:spruce_fence":1,"minecraft:nether_wart":20,"minecraft:raw_iron_block":1,"minecraft:cobbled_deepslate":1,"minecraft:iron_ore":74,"minecraft:fire":3,"minecraft:andesite":6,"minecraft:pumpkin":2,"minecraft:azure_bluet":2,"minecraft:sculk_shrieker":3,"minecraft:bookshelf":4,"minecraft:cobblestone_slab":4,"minecraft:pointed_dripstone":31,"minecraft:potatoes":2,"minecraft:deepslate_iron_ore":56,"minecraft:dirt_path":1,"minecraft:stripped_oak_log":1,"minecraft:cut_copper":1,"minecraft:stone":587,"minecraft:white_wool":1,"minecraft:cherry_planks":1,"minecraft:amethyst_cluster":2,"minecraft:dandelion":2,"minecraft:cornflower":1,"minecraft:torch":2,"minecraft:short_grass":386,"minecraft:calcite":6,"minecraft:sculk_sensor":1,"minecraft:lectern":2,"minecraft:tall_grass":14,"minecraft:copper_ore":2,"minecraft:cobblestone":22,"minecraft:sugar_cane":8,"minecraft:sculk":2,"minecraft:diorite":40,"minecraft:wall_torch":4,"minecraft:amethyst_block":9,"minecraft:birch_log":7,"minecraft:wheat":220,"minecraft:oak_log":149,"minecraft:coal_ore":99,"minecraft:gravel":9,"minecraft:dripstone_block":31,"minecraft:dirt":50,"minecraft:cobweb":33,"minecraft:smooth_basalt":4,"minecraft:netherrack":9,"minecraft:oak_leaves":34,"minecraft:deepslate":59},"minecraft:dropped":{"minecraft:bread":2,"minecraft:wheat_seeds":9,"minecraft:cobblestone":1,"minecraft:oxeye_daisy":2,"minecraft:diorite":6,"minecraft:cornflower":4,"minecraft:cut_copper":3,"minecraft:amethyst_shard":2,"minecraft:iron_pickaxe":1,"minecraft:dandelion":18,"minecraft:gravel":3,"minecraft:spyglass":1,"minecraft:cobbled_deepslate":4,"minecraft:cobblestone_wall":3,"minecraft:tuff":6,"minecraft:wheat":1,"minecraft:rotten_flesh":3,"minecraft:poppy":2,"minecraft:andesite":1,"minecraft:oak_sapling":6,"minecraft:wooden_pickaxe":1,"minecraft:stone_pickaxe":1,"minecraft:netherrack":2},"minecraft:broken":{"minecraft:stone_hoe":1,"minecraft:stone_pickaxe":2,"minecraft:iron_axe":1,"minecraft:iron_pickaxe":2},"minecraft:killed_by":{"minecraft:warden":2},"minecraft:custom":{"minecraft:mob_kills":33,"minecraft:animals_bred":16,"minecraft:interact_with_crafting_table":48,"minecraft:open_barrel":111,"minecraft:interact_with_campfire":18,"minecraft:leave_game":2,"minecraft:time_since_death":69091,"minecraft:climb_one_cm":3485,"minecraft:sprint_one_cm":831293,"minecraft:walk_one_cm":706335,"minecraft:damage_blocked_by_shield":175,"minecraft:drop":37,"minecraft:play_time":320962,"minecraft:deaths":5,"minecraft:sneak_time":12334,"minecraft:walk_under_water_one_cm":28834,"minecraft:boat_one_cm":3359,"minecraft:jump":5433,"minecraft:interact_with_brewingstand":1,"minecraft:walk_on_water_one_cm":23603,"minecraft:total_world_time":320962,"minecraft:interact_with_furnace":132,"minecraft:sleep_in_bed":2,"minecraft:time_since_rest":12922,"minecraft:damage_taken":3161,"minecraft:damage_dealt":8433,"minecraft:swim_one_cm":33128,"minecraft:fly_one_cm":1168569,"minecraft:open_chest":36,"minecraft:crouch_one_cm":40596,"minecraft:fall_one_cm":166238},"minecraft:killed":{"minecraft:spider":1,"minecraft:skeleton":5,"minecraft:creeper":1,"minecraft:pillager":2,"minecraft:zombie":11,"minecraft:cow":11,"minecraft:enderman":1}},"DataVersion":3953}