{"stats":{"minecraft:picked_up":{"minecraft:oak_log":4},"minecraft:custom":{"minecraft:jump":158,"minecraft:time_since_rest":8108,"minecraft:crouch_one_cm":231,"minecraft:deaths":2,"minecraft:sprint_one_cm":26431,"minecraft:play_time":17337,"minecraft:damage_taken":530,"minecraft:time_since_death":0,"minecraft:walk_one_cm":11904,"minecraft:sneak_time":40,"minecraft:total_world_time":17337,"minecraft:fall_one_cm":5033,"minecraft:fly_one_cm":29142},"minecraft:mined":{"minecraft:fire":2,"minecraft:oak_log":4}},"DataVersion":3465}