{"stats":{"minecraft:crafted":{"minecraft:oak_planks":140,"minecraft:raw_iron":9,"minecraft:cobblestone_slab":6,"minecraft:oak_sign":6,"minecraft:spyglass":3,"minecraft:furnace":2,"minecraft:bone_meal":6,"minecraft:oak_trapdoor":4,"minecraft:flint_and_steel":1,"minecraft:hopper":1,"minecraft:iron_boots":1,"minecraft:iron_axe":2,"minecraft:ladder":3,"minecraft:stone_pickaxe":3,"minecraft:chest":2,"minecraft:cooked_beef":8,"minecraft:cooked_porkchop":5,"minecraft:crafting_table":1,"minecraft:wooden_pickaxe":1,"minecraft:iron_helmet":1,"minecraft:iron_sword":2,"minecraft:copper_ingot":8,"minecraft:bucket":7,"minecraft:birch_planks":28,"minecraft:pumpkin_seeds":8,"minecraft:campfire":1,"minecraft:amethyst_block":1,"minecraft:bread":48,"minecraft:air":0,"minecraft:oak_fence_gate":1,"minecraft:oak_boat":5,"minecraft:wooden_hoe":1,"minecraft:white_wool":9,"minecraft:iron_chestplate":1,"minecraft:charcoal":54,"minecraft:shield":1,"minecraft:stick":120,"minecraft:iron_ingot":125,"minecraft:iron_pickaxe":5,"minecraft:iron_shovel":1,"minecraft:iron_leggings":1,"minecraft:white_bed":7,"minecraft:torch":236,"minecraft:shears":1},"minecraft:picked_up":{"minecraft:mud":51,"minecraft:wheat":317,"minecraft:azure_bluet":2,"minecraft:ominous_bottle":1,"minecraft:nether_wart":20,"minecraft:lead":23,"minecraft:brewing_stand":1,"minecraft:amethyst_block":9,"minecraft:moss_carpet":6,"minecraft:cornflower":5,"minecraft:oak_trapdoor":2,"minecraft:string":35,"minecraft:raw_copper":17,"minecraft:oak_sign":4,"minecraft:cobbled_deepslate":59,"minecraft:beef":73,"minecraft:oak_boat":6,"minecraft:cobblestone_slab":4,"minecraft:calcite":6,"minecraft:poppy":2,"minecraft:lectern":2,"minecraft:sugar_cane":31,"minecraft:birch_sapling":1,"minecraft:egg":1,"minecraft:dark_oak_sapling":1,"minecraft:stick":18,"minecraft:raw_iron":128,"minecraft:oak_door":4,"minecraft:torch":15,"minecraft:spruce_fence":1,"minecraft:pointed_dripstone":52,"minecraft:diorite":38,"minecraft:redstone":5,"minecraft:rotten_flesh":22,"minecraft:arrow":11,"minecraft:cut_copper":3,"minecraft:white_wool":48,"minecraft:oxeye_daisy":2,"minecraft:cobblestone":701,"minecraft:stripped_oak_log":1,"minecraft:birch_log":7,"minecraft:cooked_beef":32,"minecraft:cherry_planks":1,"minecraft:glow_ink_sac":26,"minecraft:andesite":6,"minecraft:leather":22,"minecraft:potato":8,"minecraft:flint":1,"minecraft:tuff":7,"minecraft:oak_log":152,"minecraft:yellow_bed":1,"minecraft:cobblestone_wall":3,"minecraft:dirt":411,"minecraft:white_banner":1,"minecraft:bone":9,"minecraft:apple":2,"minecraft:wheat_seeds":921,"minecraft:bell":1,"minecraft:iron_ingot":2,"minecraft:bamboo":65,"minecraft:stone_hoe":1,"minecraft:book":12,"minecraft:sculk_catalyst":1,"minecraft:smooth_basalt":4,"minecraft:pumpkin":2,"minecraft:dandelion":21,"minecraft:gravel":7,"minecraft:raw_iron_block":1,"minecraft:dripstone_block":31,"minecraft:amethyst_shard":9,"minecraft:white_bed":11,"minecraft:mossy_cobblestone":1,"minecraft:granite":56,"minecraft:bone_meal":12,"minecraft:mangrove_propagule":7,"minecraft:black_wool":1,"minecraft:gray_wool":7,"minecraft:bread":2,"minecraft:coal":99,"minecraft:oak_sapling":24,"minecraft:netherrack":4,"minecraft:hopper":1},"minecraft:used":{"minecraft:oak_trapdoor":5,"minecraft:iron_shovel":256,"minecraft:flint_and_steel":1,"minecraft:ladder":3,"minecraft:oak_sign":9,"minecraft:chest":1,"minecraft:shield":6,"minecraft:iron_sword":253,"minecraft:bell":1,"minecraft:stone_hoe":152,"minecraft:rotten_flesh":4,"minecraft:iron_chestplate":1,"minecraft:oak_door":3,"minecraft:torch":248,"minecraft:brewing_stand":1,"minecraft:dirt":233,"minecraft:spyglass":11,"minecraft:hopper":2,"minecraft:spruce_fence":1,"minecraft:azure_bluet":2,"minecraft:oak_fence_gate":1,"minecraft:lava_bucket":23,"minecraft:iron_axe":232,"minecraft:birch_sapling":1,"minecraft:barrel":4,"minecraft:glowstone":1,"minecraft:oak_sapling":17,"minecraft:furnace":2,"minecraft:egg":1,"minecraft:cooked_beef":30,"minecraft:potato":9,"minecraft:cobbled_deepslate":15,"minecraft:pointed_dripstone":1,"minecraft:wheat_seeds":661,"minecraft:water_bucket":60,"minecraft:diorite":11,"minecraft:amethyst_block":1,"minecraft:oak_planks":5,"minecraft:stone_pickaxe":372,"minecraft:wooden_pickaxe":14,"minecraft:cherry_planks":1,"minecraft:cobblestone_slab":7,"minecraft:white_wool":1,"minecraft:mossy_cobblestone":1,"minecraft:crafting_table":1,"minecraft:white_bed":14,"minecraft:campfire":1,"minecraft:pumpkin_seeds":8,"minecraft:oak_log":13,"minecraft:wooden_hoe":9,"minecraft:cornflower":1,"minecraft:bread":49,"minecraft:iron_pickaxe":861,"minecraft:lectern":2,"minecraft:gravel":4,"minecraft:cobblestone":95,"minecraft:white_banner":1,"minecraft:cooked_porkchop":5,"minecraft:andesite":3,"minecraft:bucket":85,"minecraft:oak_boat":10,"minecraft:stripped_oak_log":1,"minecraft:dandelion":3,"minecraft:bone_meal":10,"minecraft:sculk_catalyst":1},"minecraft:mined":{"minecraft:tuff":7,"minecraft:dark_oak_leaves":1,"minecraft:white_bed":10,"minecraft:oak_sapling":2,"minecraft:mossy_cobblestone":1,"minecraft:deepslate_diamond_ore":2,"minecraft:oak_door":3,"minecraft:sculk_vein":2,"minecraft:brewing_stand":1,"minecraft:granite":56,"minecraft:grass_block":312,"minecraft:spruce_fence":1,"minecraft:mangrove_propagule":3,"minecraft:hopper":1,"minecraft:oak_wall_sign":3,"minecraft:nether_wart":20,"minecraft:oak_trapdoor":2,"minecraft:raw_iron_block":1,"minecraft:cobbled_deepslate":1,"minecraft:iron_ore":74,"minecraft:fire":5,"minecraft:andesite":6,"minecraft:moss_carpet":6,"minecraft:pumpkin":2,"minecraft:azure_bluet":2,"minecraft:bell":1,"minecraft:sculk_shrieker":3,"minecraft:bookshelf":4,"minecraft:cobblestone_slab":4,"minecraft:pointed_dripstone":31,"minecraft:potatoes":2,"minecraft:deepslate_iron_ore":56,"minecraft:dirt_path":1,"minecraft:stripped_oak_log":1,"minecraft:bamboo":7,"minecraft:cut_copper":1,"minecraft:stone":671,"minecraft:white_wool":1,"minecraft:cherry_planks":1,"minecraft:amethyst_cluster":2,"minecraft:dandelion":2,"minecraft:cornflower":1,"minecraft:torch":2,"minecraft:short_grass":395,"minecraft:calcite":6,"minecraft:sculk_sensor":1,"minecraft:lectern":2,"minecraft:tall_grass":18,"minecraft:copper_ore":2,"minecraft:cobblestone":33,"minecraft:sugar_cane":16,"minecraft:sculk":2,"minecraft:diorite":40,"minecraft:wall_torch":5,"minecraft:amethyst_block":9,"minecraft:mud":53,"minecraft:birch_log":7,"minecraft:wheat":328,"minecraft:birch_leaves":1,"minecraft:mangrove_leaves":1,"minecraft:yellow_bed":1,"minecraft:oak_log":152,"minecraft:coal_ore":99,"minecraft:gravel":9,"minecraft:dripstone_block":31,"minecraft:dirt":88,"minecraft:cobweb":33,"minecraft:smooth_basalt":4,"minecraft:netherrack":9,"minecraft:oak_leaves":45,"minecraft:deepslate":59},"minecraft:dropped":{"minecraft:bread":2,"minecraft:wheat_seeds":15,"minecraft:cobblestone":4,"minecraft:oxeye_daisy":2,"minecraft:dirt":7,"minecraft:diorite":6,"minecraft:cornflower":4,"minecraft:cut_copper":3,"minecraft:amethyst_shard":2,"minecraft:iron_pickaxe":1,"minecraft:dandelion":18,"minecraft:gravel":3,"minecraft:spyglass":1,"minecraft:cobbled_deepslate":4,"minecraft:cobblestone_wall":3,"minecraft:tuff":6,"minecraft:wheat":1,"minecraft:rotten_flesh":4,"minecraft:poppy":2,"minecraft:andesite":1,"minecraft:oak_boat":1,"minecraft:oak_sapling":6,"minecraft:wooden_pickaxe":1,"minecraft:stone_pickaxe":1,"minecraft:netherrack":2},"minecraft:broken":{"minecraft:iron_shovel":1,"minecraft:stone_hoe":1,"minecraft:stone_pickaxe":2,"minecraft:iron_axe":1,"minecraft:iron_sword":1,"minecraft:iron_pickaxe":3},"minecraft:killed_by":{"minecraft:warden":2,"minecraft:skeleton":1},"minecraft:custom":{"minecraft:mob_kills":71,"minecraft:animals_bred":27,"minecraft:interact_with_crafting_table":61,"minecraft:open_barrel":143,"minecraft:interact_with_campfire":34,"minecraft:bell_ring":14,"minecraft:leave_game":2,"minecraft:time_since_death":45261,"minecraft:climb_one_cm":4483,"minecraft:sprint_one_cm":1189917,"minecraft:walk_one_cm":1060391,"minecraft:damage_blocked_by_shield":175,"minecraft:drop":53,"minecraft:talked_to_villager":5,"minecraft:play_time":452962,"minecraft:deaths":6,"minecraft:sneak_time":13893,"minecraft:walk_under_water_one_cm":31227,"minecraft:boat_one_cm":44581,"minecraft:jump":8011,"minecraft:interact_with_brewingstand":1,"minecraft:walk_on_water_one_cm":31940,"minecraft:total_world_time":452962,"minecraft:interact_with_furnace":142,"minecraft:sleep_in_bed":7,"minecraft:time_since_rest":19940,"minecraft:damage_taken":5086,"minecraft:damage_dealt":13771,"minecraft:swim_one_cm":37851,"minecraft:fly_one_cm":1769229,"minecraft:open_chest":64,"minecraft:crouch_one_cm":47733,"minecraft:fall_one_cm":233591},"minecraft:killed":{"minecraft:witch":1,"minecraft:spider":2,"minecraft:skeleton":9,"minecraft:creeper":2,"minecraft:pillager":2,"minecraft:zombie":21,"minecraft:cow":32,"minecraft:enderman":1}},"DataVersion":3953}