{"stats":{"minecraft:crafted":{"minecraft:oak_planks":52,"minecraft:raw_iron":9,"minecraft:spyglass":3,"minecraft:furnace":2,"minecraft:bone_meal":6,"minecraft:iron_boots":1,"minecraft:iron_axe":1,"minecraft:stone_pickaxe":3,"minecraft:cooked_beef":8,"minecraft:cooked_porkchop":5,"minecraft:wooden_pickaxe":1,"minecraft:iron_helmet":1,"minecraft:iron_sword":1,"minecraft:copper_ingot":8,"minecraft:bucket":3,"minecraft:birch_planks":28,"minecraft:pumpkin_seeds":8,"minecraft:campfire":1,"minecraft:bread":16,"minecraft:air":0,"minecraft:oak_boat":4,"minecraft:iron_chestplate":1,"minecraft:charcoal":54,"minecraft:shield":1,"minecraft:stick":100,"minecraft:iron_ingot":125,"minecraft:iron_pickaxe":5,"minecraft:iron_shovel":1,"minecraft:iron_leggings":1,"minecraft:torch":212},"minecraft:picked_up":{"minecraft:wheat":56,"minecraft:azure_bluet":2,"minecraft:amethyst_block":9,"minecraft:cornflower":1,"minecraft:string":33,"minecraft:raw_copper":17,"minecraft:cobbled_deepslate":59,"minecraft:beef":8,"minecraft:oak_boat":1,"minecraft:calcite":6,"minecraft:birch_sapling":1,"minecraft:raw_iron":128,"minecraft:stick":16,"minecraft:oak_door":3,"minecraft:torch":6,"minecraft:spruce_fence":1,"minecraft:pointed_dripstone":52,"minecraft:diorite":32,"minecraft:arrow":6,"minecraft:rotten_flesh":7,"minecraft:cobblestone":509,"minecraft:stripped_oak_log":1,"minecraft:birch_log":7,"minecraft:glow_ink_sac":16,"minecraft:andesite":5,"minecraft:leather":7,"minecraft:flint":1,"minecraft:tuff":7,"minecraft:oak_log":139,"minecraft:cobblestone_wall":3,"minecraft:dirt":144,"minecraft:bone":7,"minecraft:apple":2,"minecraft:wheat_seeds":173,"minecraft:iron_ingot":2,"minecraft:stone_hoe":1,"minecraft:smooth_basalt":4,"minecraft:pumpkin":2,"minecraft:dandelion":3,"minecraft:gravel":7,"minecraft:raw_iron_block":1,"minecraft:dripstone_block":31,"minecraft:amethyst_shard":8,"minecraft:granite":56,"minecraft:bone_meal":1,"minecraft:bread":2,"minecraft:oak_sapling":19,"minecraft:coal":81},"minecraft:custom":{"minecraft:mob_kills":17,"minecraft:animals_bred":6,"minecraft:interact_with_crafting_table":35,"minecraft:open_barrel":66,"minecraft:time_since_death":4979,"minecraft:climb_one_cm":2943,"minecraft:sprint_one_cm":535207,"minecraft:walk_one_cm":493854,"minecraft:damage_blocked_by_shield":90,"minecraft:drop":17,"minecraft:play_time":227337,"minecraft:deaths":3,"minecraft:sneak_time":11471,"minecraft:walk_under_water_one_cm":20520,"minecraft:boat_one_cm":3359,"minecraft:jump":3423,"minecraft:walk_on_water_one_cm":13387,"minecraft:total_world_time":227337,"minecraft:interact_with_furnace":121,"minecraft:time_since_rest":5008,"minecraft:damage_taken":1972,"minecraft:damage_dealt":4169,"minecraft:swim_one_cm":28598,"minecraft:fly_one_cm":647728,"minecraft:open_chest":13,"minecraft:crouch_one_cm":36891,"minecraft:fall_one_cm":99591},"minecraft:dropped":{"minecraft:bread":2,"minecraft:wheat_seeds":1,"minecraft:cobblestone":1,"minecraft:iron_pickaxe":1,"minecraft:gravel":3,"minecraft:spyglass":1,"minecraft:cobbled_deepslate":4,"minecraft:cobblestone_wall":3,"minecraft:tuff":6,"minecraft:rotten_flesh":3,"minecraft:oak_sapling":2,"minecraft:stone_pickaxe":1,"minecraft:wooden_pickaxe":1},"minecraft:broken":{"minecraft:stone_hoe":1,"minecraft:stone_pickaxe":2,"minecraft:iron_pickaxe":2},"minecraft:killed_by":{"minecraft:warden":1},"minecraft:used":{"minecraft:iron_shovel":117,"minecraft:shield":2,"minecraft:iron_sword":94,"minecraft:stone_hoe":152,"minecraft:iron_chestplate":1,"minecraft:oak_door":3,"minecraft:torch":218,"minecraft:dirt":128,"minecraft:spyglass":11,"minecraft:spruce_fence":1,"minecraft:azure_bluet":2,"minecraft:iron_axe":186,"minecraft:birch_sapling":1,"minecraft:barrel":4,"minecraft:oak_sapling":17,"minecraft:furnace":2,"minecraft:cooked_beef":4,"minecraft:potato":7,"minecraft:cobbled_deepslate":15,"minecraft:pointed_dripstone":1,"minecraft:wheat_seeds":141,"minecraft:water_bucket":15,"minecraft:diorite":11,"minecraft:stone_pickaxe":372,"minecraft:wooden_pickaxe":14,"minecraft:campfire":1,"minecraft:pumpkin_seeds":8,"minecraft:oak_log":1,"minecraft:cornflower":1,"minecraft:bread":17,"minecraft:iron_pickaxe":604,"minecraft:gravel":4,"minecraft:cobblestone":40,"minecraft:cooked_porkchop":5,"minecraft:bucket":18,"minecraft:andesite":3,"minecraft:oak_boat":3,"minecraft:stripped_oak_log":1,"minecraft:dandelion":3,"minecraft:bone_meal":7},"minecraft:killed":{"minecraft:skeleton":4,"minecraft:zombie":7,"minecraft:enderman":1,"minecraft:cow":4},"minecraft:mined":{"minecraft:tuff":7,"minecraft:oak_sapling":2,"minecraft:oak_door":2,"minecraft:sculk_vein":2,"minecraft:granite":56,"minecraft:grass_block":110,"minecraft:spruce_fence":1,"minecraft:raw_iron_block":1,"minecraft:cobbled_deepslate":1,"minecraft:iron_ore":74,"minecraft:fire":2,"minecraft:andesite":5,"minecraft:pumpkin":2,"minecraft:azure_bluet":2,"minecraft:sculk_shrieker":3,"minecraft:pointed_dripstone":31,"minecraft:deepslate_iron_ore":56,"minecraft:stripped_oak_log":1,"minecraft:stone":497,"minecraft:amethyst_cluster":2,"minecraft:dandelion":2,"minecraft:cornflower":1,"minecraft:torch":2,"minecraft:calcite":6,"minecraft:sculk_sensor":1,"minecraft:cobblestone":16,"minecraft:tall_grass":13,"minecraft:copper_ore":2,"minecraft:sculk":2,"minecraft:diorite":34,"minecraft:wall_torch":1,"minecraft:amethyst_block":9,"minecraft:birch_log":7,"minecraft:wheat":48,"minecraft:grass":371,"minecraft:oak_log":139,"minecraft:coal_ore":81,"minecraft:gravel":9,"minecraft:dripstone_block":31,"minecraft:dirt":36,"minecraft:cobweb":33,"minecraft:smooth_basalt":4,"minecraft:oak_leaves":33,"minecraft:deepslate":58}},"DataVersion":3465}