{"stats":{"minecraft:crafted":{"minecraft:oak_planks":212,"minecraft:raw_iron":9,"minecraft:cobblestone_slab":6,"minecraft:oak_sign":6,"minecraft:tripwire_hook":2,"minecraft:spyglass":3,"minecraft:furnace":2,"minecraft:lever":1,"minecraft:bone_meal":6,"minecraft:oak_trapdoor":6,"minecraft:flint_and_steel":1,"minecraft:hopper":5,"minecraft:iron_boots":1,"minecraft:iron_axe":2,"minecraft:ladder":3,"minecraft:stone_pickaxe":3,"minecraft:chest":10,"minecraft:cooked_beef":8,"minecraft:cooked_porkchop":5,"minecraft:crafting_table":1,"minecraft:wooden_pickaxe":1,"minecraft:iron_helmet":1,"minecraft:iron_sword":2,"minecraft:copper_ingot":8,"minecraft:mangrove_planks":48,"minecraft:bucket":7,"minecraft:birch_planks":28,"minecraft:pumpkin_seeds":8,"minecraft:campfire":1,"minecraft:amethyst_block":1,"minecraft:bread":48,"minecraft:air":0,"minecraft:oak_fence_gate":1,"minecraft:oak_boat":5,"minecraft:wooden_hoe":1,"minecraft:white_wool":9,"minecraft:iron_chestplate":1,"minecraft:charcoal":54,"minecraft:shield":1,"minecraft:stick":120,"minecraft:iron_ingot":125,"minecraft:iron_pickaxe":5,"minecraft:iron_shovel":2,"minecraft:iron_leggings":1,"minecraft:white_bed":7,"minecraft:torch":272,"minecraft:shears":1},"minecraft:picked_up":{"minecraft:mud":181,"minecraft:wheat":317,"minecraft:azure_bluet":2,"minecraft:ominous_bottle":1,"minecraft:nether_wart":20,"minecraft:lead":23,"minecraft:golden_shovel":1,"minecraft:brewing_stand":1,"minecraft:amethyst_block":9,"minecraft:moss_carpet":6,"minecraft:cornflower":6,"minecraft:oak_trapdoor":9,"minecraft:string":138,"minecraft:raw_copper":17,"minecraft:oak_sign":4,"minecraft:cobbled_deepslate":59,"minecraft:beef":73,"minecraft:oak_boat":6,"minecraft:chest":9,"minecraft:cobblestone_slab":4,"minecraft:calcite":6,"minecraft:poppy":2,"minecraft:lectern":2,"minecraft:sugar_cane":31,"minecraft:birch_sapling":1,"minecraft:mangrove_log":24,"minecraft:egg":4,"minecraft:dark_oak_sapling":1,"minecraft:stick":18,"minecraft:raw_iron":128,"minecraft:oak_door":4,"minecraft:torch":15,"minecraft:spruce_fence":1,"minecraft:pointed_dripstone":52,"minecraft:diorite":38,"minecraft:redstone":5,"minecraft:rotten_flesh":22,"minecraft:arrow":11,"minecraft:cut_copper":3,"minecraft:white_wool":48,"minecraft:oxeye_daisy":3,"minecraft:cobblestone":776,"minecraft:stripped_oak_log":1,"minecraft:birch_log":7,"minecraft:cooked_beef":36,"minecraft:cherry_planks":1,"minecraft:tripwire_hook":4,"minecraft:glow_ink_sac":26,"minecraft:andesite":6,"minecraft:leather":22,"minecraft:potato":8,"minecraft:flint":1,"minecraft:tuff":7,"minecraft:oak_log":152,"minecraft:yellow_bed":1,"minecraft:cobblestone_wall":3,"minecraft:mangrove_slab":8,"minecraft:dirt":586,"minecraft:white_banner":1,"minecraft:bone":9,"minecraft:apple":2,"minecraft:wheat_seeds":924,"minecraft:bell":1,"minecraft:iron_ingot":2,"minecraft:mangrove_planks":1,"minecraft:bamboo":66,"minecraft:stone_hoe":1,"minecraft:book":12,"minecraft:sculk_catalyst":1,"minecraft:smooth_basalt":4,"minecraft:pumpkin":2,"minecraft:dandelion":22,"minecraft:gravel":7,"minecraft:raw_iron_block":1,"minecraft:dripstone_block":31,"minecraft:amethyst_shard":9,"minecraft:white_bed":11,"minecraft:mossy_cobblestone":1,"minecraft:lever":2,"minecraft:granite":56,"minecraft:bone_meal":12,"minecraft:mangrove_propagule":7,"minecraft:black_wool":1,"minecraft:gray_wool":7,"minecraft:bread":2,"minecraft:coal":99,"minecraft:oak_sapling":24,"minecraft:netherrack":4,"minecraft:hopper":5},"minecraft:used":{"minecraft:oak_trapdoor":14,"minecraft:moss_carpet":6,"minecraft:iron_shovel":391,"minecraft:flint_and_steel":1,"minecraft:ladder":3,"minecraft:oak_sign":9,"minecraft:chest":14,"minecraft:shield":6,"minecraft:iron_sword":260,"minecraft:bell":1,"minecraft:stone_hoe":152,"minecraft:rotten_flesh":4,"minecraft:iron_chestplate":1,"minecraft:oak_door":3,"minecraft:torch":287,"minecraft:brewing_stand":1,"minecraft:dirt":283,"minecraft:spyglass":11,"minecraft:hopper":10,"minecraft:golden_shovel":32,"minecraft:spruce_fence":1,"minecraft:azure_bluet":2,"minecraft:oak_fence_gate":1,"minecraft:lava_bucket":23,"minecraft:iron_axe":254,"minecraft:birch_sapling":1,"minecraft:tripwire_hook":14,"minecraft:bamboo":65,"minecraft:barrel":4,"minecraft:glowstone":1,"minecraft:mangrove_slab":4,"minecraft:oak_sapling":17,"minecraft:furnace":2,"minecraft:egg":3,"minecraft:cooked_beef":38,"minecraft:potato":9,"minecraft:cobbled_deepslate":15,"minecraft:dark_oak_sapling":1,"minecraft:spider_spawn_egg":6,"minecraft:pointed_dripstone":1,"minecraft:wheat_seeds":661,"minecraft:water_bucket":68,"minecraft:diorite":11,"minecraft:amethyst_block":1,"minecraft:mangrove_planks":1,"minecraft:oak_planks":5,"minecraft:stone_pickaxe":372,"minecraft:wooden_pickaxe":14,"minecraft:cherry_planks":1,"minecraft:cobblestone_slab":7,"minecraft:white_wool":1,"minecraft:mossy_cobblestone":1,"minecraft:crafting_table":1,"minecraft:white_bed":14,"minecraft:campfire":1,"minecraft:shears":5,"minecraft:pumpkin_seeds":8,"minecraft:oak_log":13,"minecraft:mud":10,"minecraft:lever":3,"minecraft:wooden_hoe":9,"minecraft:cornflower":1,"minecraft:oxeye_daisy":1,"minecraft:bread":49,"minecraft:string":12,"minecraft:iron_pickaxe":954,"minecraft:lectern":2,"minecraft:gravel":4,"minecraft:cobblestone":121,"minecraft:white_banner":1,"minecraft:cooked_porkchop":5,"minecraft:andesite":3,"minecraft:bucket":91,"minecraft:oak_boat":10,"minecraft:stripped_oak_log":1,"minecraft:dandelion":3,"minecraft:bone_meal":10,"minecraft:sculk_catalyst":1},"minecraft:mined":{"minecraft:tuff":7,"minecraft:dark_oak_leaves":1,"minecraft:white_bed":10,"minecraft:oak_sapling":2,"minecraft:mossy_cobblestone":1,"minecraft:deepslate_diamond_ore":2,"minecraft:oak_door":3,"minecraft:sculk_vein":2,"minecraft:brewing_stand":1,"minecraft:granite":56,"minecraft:grass_block":389,"minecraft:spruce_fence":1,"minecraft:mangrove_propagule":3,"minecraft:hopper":5,"minecraft:oak_wall_sign":3,"minecraft:nether_wart":20,"minecraft:oak_trapdoor":8,"minecraft:raw_iron_block":1,"minecraft:cobbled_deepslate":1,"minecraft:iron_ore":74,"minecraft:fire":5,"minecraft:andesite":6,"minecraft:moss_carpet":6,"minecraft:pumpkin":2,"minecraft:azure_bluet":2,"minecraft:bell":1,"minecraft:sculk_shrieker":3,"minecraft:bookshelf":4,"minecraft:cobblestone_slab":4,"minecraft:pointed_dripstone":31,"minecraft:potatoes":2,"minecraft:deepslate_iron_ore":56,"minecraft:dirt_path":1,"minecraft:packed_ice":1,"minecraft:stripped_oak_log":1,"minecraft:bamboo_sapling":1,"minecraft:bamboo":7,"minecraft:cut_copper":1,"minecraft:stone":737,"minecraft:white_wool":1,"minecraft:tripwire":6,"minecraft:cherry_planks":1,"minecraft:amethyst_cluster":2,"minecraft:dandelion":2,"minecraft:cornflower":1,"minecraft:torch":2,"minecraft:short_grass":404,"minecraft:calcite":6,"minecraft:chest":10,"minecraft:sculk_sensor":1,"minecraft:lectern":2,"minecraft:tall_grass":20,"minecraft:copper_ore":2,"minecraft:cobblestone":49,"minecraft:sugar_cane":16,"minecraft:sculk":2,"minecraft:diorite":40,"minecraft:wall_torch":5,"minecraft:amethyst_block":9,"minecraft:mud":57,"minecraft:birch_log":7,"minecraft:wheat":328,"minecraft:birch_leaves":1,"minecraft:mangrove_planks":1,"minecraft:mangrove_leaves":1,"minecraft:yellow_bed":1,"minecraft:mangrove_slab":4,"minecraft:oak_log":152,"minecraft:coal_ore":99,"minecraft:gravel":9,"minecraft:dripstone_block":31,"minecraft:dirt":189,"minecraft:tripwire_hook":2,"minecraft:cobweb":33,"minecraft:smooth_basalt":4,"minecraft:netherrack":9,"minecraft:oak_leaves":45,"minecraft:deepslate":59},"minecraft:dropped":{"minecraft:bread":2,"minecraft:wheat_seeds":15,"minecraft:weeping_vines":1,"minecraft:mangrove_propagule":7,"minecraft:cobblestone":4,"minecraft:oxeye_daisy":2,"minecraft:dirt":7,"minecraft:diorite":6,"minecraft:cornflower":4,"minecraft:cut_copper":3,"minecraft:amethyst_shard":2,"minecraft:mud":171,"minecraft:iron_pickaxe":1,"minecraft:string":90,"minecraft:dandelion":18,"minecraft:gravel":3,"minecraft:spyglass":1,"minecraft:cobbled_deepslate":4,"minecraft:cobblestone_wall":3,"minecraft:tuff":6,"minecraft:wheat":1,"minecraft:rotten_flesh":4,"minecraft:oak_planks":1,"minecraft:poppy":2,"minecraft:mangrove_log":12,"minecraft:andesite":1,"minecraft:oak_boat":1,"minecraft:oak_sapling":6,"minecraft:spider_eye":2,"minecraft:beef":16,"minecraft:wooden_pickaxe":1,"minecraft:stone_pickaxe":1,"minecraft:netherrack":2,"minecraft:egg":1},"minecraft:broken":{"minecraft:iron_shovel":1,"minecraft:golden_shovel":1,"minecraft:stone_hoe":1,"minecraft:stone_pickaxe":2,"minecraft:iron_axe":1,"minecraft:iron_sword":1,"minecraft:iron_pickaxe":3},"minecraft:killed_by":{"minecraft:warden":2,"minecraft:skeleton":1},"minecraft:custom":{"minecraft:mob_kills":73,"minecraft:animals_bred":27,"minecraft:interact_with_crafting_table":69,"minecraft:open_barrel":152,"minecraft:interact_with_campfire":42,"minecraft:bell_ring":14,"minecraft:leave_game":2,"minecraft:time_since_death":93261,"minecraft:climb_one_cm":7046,"minecraft:sprint_one_cm":1305424,"minecraft:walk_one_cm":1177901,"minecraft:damage_blocked_by_shield":175,"minecraft:drop":68,"minecraft:talked_to_villager":5,"minecraft:play_time":500962,"minecraft:deaths":6,"minecraft:sneak_time":14462,"minecraft:walk_under_water_one_cm":32225,"minecraft:boat_one_cm":44581,"minecraft:jump":8854,"minecraft:interact_with_brewingstand":1,"minecraft:walk_on_water_one_cm":34293,"minecraft:total_world_time":500962,"minecraft:interact_with_furnace":149,"minecraft:sleep_in_bed":7,"minecraft:time_since_rest":67940,"minecraft:damage_taken":5365,"minecraft:damage_dealt":14091,"minecraft:swim_one_cm":63897,"minecraft:fly_one_cm":1999149,"minecraft:open_chest":98,"minecraft:crouch_one_cm":49367,"minecraft:fall_one_cm":263521},"minecraft:killed":{"minecraft:witch":1,"minecraft:spider":4,"minecraft:skeleton":9,"minecraft:creeper":2,"minecraft:pillager":2,"minecraft:zombie":21,"minecraft:cow":32,"minecraft:enderman":1}},"DataVersion":3953}