{"stats":{"minecraft:custom":{"minecraft:mob_kills":61,"minecraft:interact_with_crafting_table":176,"minecraft:open_barrel":149,"minecraft:bell_ring":4,"minecraft:leave_game":2,"minecraft:time_since_death":9706,"minecraft:climb_one_cm":23644,"minecraft:sprint_one_cm":992612,"minecraft:walk_one_cm":2639154,"minecraft:drop":33,"minecraft:play_time":580445,"minecraft:sneak_time":10848,"minecraft:deaths":27,"minecraft:walk_under_water_one_cm":12316,"minecraft:jump":6199,"minecraft:interact_with_brewingstand":2,"minecraft:walk_on_water_one_cm":37749,"minecraft:total_world_time":580445,"minecraft:interact_with_furnace":185,"minecraft:sleep_in_bed":9,"minecraft:time_since_rest":9728,"minecraft:damage_taken":9841,"minecraft:damage_dealt":10745,"minecraft:fly_one_cm":214606,"minecraft:player_kills":1,"minecraft:open_chest":170,"minecraft:crouch_one_cm":27544,"minecraft:fish_caught":7,"minecraft:fall_one_cm":88218,"minecraft:horse_one_cm":7806},"minecraft:crafted":{"minecraft:cherry_planks":280,"minecraft:wooden_sword":2,"minecraft:oak_door":3,"minecraft:oak_planks":316,"minecraft:stone_shovel":6,"minecraft:fishing_rod":1,"minecraft:leather_boots":1,"minecraft:iron_nugget":36,"minecraft:cooked_chicken":1,"minecraft:birch_slab":126,"minecraft:furnace":2,"minecraft:cobblestone_stairs":20,"minecraft:stone":130,"minecraft:bone_meal":9,"minecraft:quartz_block":18,"minecraft:lantern":4,"minecraft:iron_boots":1,"minecraft:ladder":21,"minecraft:stone_pickaxe":12,"minecraft:cobblestone_wall":54,"minecraft:chest":8,"minecraft:stone_hoe":2,"minecraft:oak_fence":6,"minecraft:stone_bricks":112,"minecraft:cherry_fence":6,"minecraft:cooked_beef":20,"minecraft:cooked_cod":4,"minecraft:oak_slab":138,"minecraft:cooked_porkchop":8,"minecraft:crafting_table":5,"minecraft:wooden_pickaxe":2,"minecraft:iron_helmet":1,"minecraft:cooked_salmon":3,"minecraft:copper_ingot":90,"minecraft:bucket":1,"minecraft:birch_planks":128,"minecraft:stone_axe":6,"minecraft:glowstone":30,"minecraft:air":0,"minecraft:stone_brick_stairs":12,"minecraft:iron_chestplate":1,"minecraft:charcoal":66,"minecraft:stick":164,"minecraft:iron_pickaxe":1,"minecraft:iron_ingot":55,"minecraft:wooden_axe":1,"minecraft:stone_sword":5,"minecraft:iron_leggings":1,"minecraft:cherry_door":3,"minecraft:gold_ingot":11,"minecraft:white_bed":2,"minecraft:torch":190},"minecraft:killed_by":{"minecraft:player":3,"minecraft:creeper":1,"minecraft:enderman":2,"minecraft:warden":9,"minecraft:skeleton":4,"minecraft:zombie":6},"minecraft:dropped":{"minecraft:stone_hoe":1,"minecraft:soul_sand":1,"minecraft:birch_planks":1,"minecraft:warden_spawn_egg":1,"minecraft:leather":8,"minecraft:stick":2,"minecraft:dirt":12,"minecraft:wooden_hoe":1,"minecraft:torch":1,"minecraft:wooden_axe":1,"minecraft:wooden_sword":1,"minecraft:dandelion":2,"minecraft:gravel":6,"minecraft:stone_axe":2,"minecraft:stone_sword":1,"minecraft:pointed_dripstone":1,"minecraft:cherry_sapling":1,"minecraft:rotten_flesh":18,"minecraft:wooden_pickaxe":4},"minecraft:broken":{"minecraft:stone_sword":2,"minecraft:stone_pickaxe":11,"minecraft:golden_sword":1,"minecraft:wooden_sword":1,"minecraft:stone_axe":3,"minecraft:bow":1,"minecraft:stone_shovel":4},"minecraft:killed":{"minecraft:spider":3,"minecraft:skeleton":12,"minecraft:drowned":1,"minecraft:warden":1,"minecraft:piglin":3,"minecraft:pig":4,"minecraft:creeper":2,"minecraft:zombie":22,"minecraft:cow":9,"minecraft:enderman":1},"minecraft:mined":{"minecraft:nether_gold_ore":15,"minecraft:tuff":1,"minecraft:white_bed":3,"minecraft:deepslate_diamond_ore":1,"minecraft:oak_door":9,"minecraft:cherry_log":72,"minecraft:cobblestone_stairs":21,"minecraft:glow_lichen":1,"minecraft:ladder":1,"minecraft:grass_block":167,"minecraft:birch_slab":12,"minecraft:sandstone":1,"minecraft:glowstone":48,"minecraft:furnace":6,"minecraft:fire":2,"minecraft:iron_ore":38,"minecraft:cobbled_deepslate":25,"minecraft:gold_block":1,"minecraft:bookshelf":4,"minecraft:pointed_dripstone":31,"minecraft:deepslate_iron_ore":8,"minecraft:lantern":1,"minecraft:cut_copper":19,"minecraft:stone":523,"minecraft:bone_block":15,"minecraft:oak_slab":5,"minecraft:quartz_block":4,"minecraft:cherry_planks":38,"minecraft:soul_sand":24,"minecraft:powder_snow":17,"minecraft:dandelion":2,"minecraft:oak_fence":7,"minecraft:crafting_table":25,"minecraft:torch":22,"minecraft:short_grass":66,"minecraft:nether_quartz_ore":77,"minecraft:tall_grass":7,"minecraft:copper_ore":150,"minecraft:cobblestone":72,"minecraft:deepslate_gold_ore":5,"minecraft:sugar_cane":5,"minecraft:oak_planks":91,"minecraft:diorite":19,"minecraft:wall_torch":21,"minecraft:amethyst_block":28,"minecraft:pink_petals":2,"minecraft:birch_planks":7,"minecraft:cobblestone_wall":17,"minecraft:birch_log":37,"minecraft:wheat":2,"minecraft:birch_leaves":7,"minecraft:cherry_door":1,"minecraft:oak_log":159,"minecraft:coal_ore":203,"minecraft:sand":128,"minecraft:cherry_leaves":25,"minecraft:gravel":18,"minecraft:dripstone_block":8,"minecraft:dirt":360,"minecraft:stone_bricks":10,"minecraft:netherrack":81,"minecraft:oak_leaves":27,"minecraft:deepslate":51},"minecraft:picked_up":{"minecraft:charcoal":58,"minecraft:crafting_table":26,"minecraft:wheat":1,"minecraft:ladder":11,"minecraft:wooden_pickaxe":1,"minecraft:gold_block":1,"minecraft:golden_sword":1,"minecraft:amethyst_block":46,"minecraft:string":3,"minecraft:raw_copper":791,"minecraft:wooden_sword":2,"minecraft:gold_nugget":61,"minecraft:cobbled_deepslate":75,"minecraft:beef":20,"minecraft:calcite":6,"minecraft:iron_pickaxe":3,"minecraft:sugar_cane":13,"minecraft:birch_sapling":1,"minecraft:furnace":6,"minecraft:stick":32,"minecraft:raw_iron":69,"minecraft:stone":24,"minecraft:oak_door":11,"minecraft:oak_fence":7,"minecraft:torch":53,"minecraft:porkchop":9,"minecraft:cherry_log":70,"minecraft:pointed_dripstone":109,"minecraft:diorite":19,"minecraft:quartz_block":4,"minecraft:stone_sword":3,"minecraft:arrow":26,"minecraft:rotten_flesh":29,"minecraft:stone_shovel":1,"minecraft:shears":1,"minecraft:cut_copper":20,"minecraft:cod":4,"minecraft:white_wool":6,"minecraft:bone_block":15,"minecraft:cobblestone":650,"minecraft:birch_log":42,"minecraft:pink_petals":6,"minecraft:glow_ink_sac":3,"minecraft:salmon":3,"minecraft:cherry_planks":39,"minecraft:birch_slab":13,"minecraft:leather":12,"minecraft:potato":1,"minecraft:birch_planks":7,"minecraft:flint":6,"minecraft:tuff":2,"minecraft:oak_log":164,"minecraft:cobblestone_wall":22,"minecraft:gunpowder":1,"minecraft:cobblestone_stairs":21,"minecraft:lantern":1,"minecraft:cherry_door":2,"minecraft:dirt":545,"minecraft:bone":17,"minecraft:apple":1,"minecraft:stone_bricks":10,"minecraft:bow":3,"minecraft:wheat_seeds":27,"minecraft:raw_gold":5,"minecraft:glowstone_dust":123,"minecraft:oak_planks":149,"minecraft:soul_sand":24,"minecraft:book":12,"minecraft:oak_slab":6,"minecraft:smooth_basalt":10,"minecraft:quartz":75,"minecraft:dandelion":4,"minecraft:spyglass":1,"minecraft:dripstone_block":12,"minecraft:gravel":151,"minecraft:sand":128,"minecraft:white_bed":3,"minecraft:diamond":1,"minecraft:stone_axe":3,"minecraft:cherry_sapling":27,"minecraft:bread":33,"minecraft:oak_sapling":5,"minecraft:netherrack":77,"minecraft:coal":276,"minecraft:ender_pearl":1},"minecraft:used":{"minecraft:oak_fence":13,"minecraft:stone_sword":419,"minecraft:stone_shovel":655,"minecraft:ladder":22,"minecraft:chest":8,"minecraft:cooked_salmon":3,"minecraft:netherrack":49,"minecraft:oak_door":12,"minecraft:torch":236,"minecraft:soul_sand":20,"minecraft:dirt":313,"minecraft:spyglass":19,"minecraft:cut_copper":20,"minecraft:cobblestone_wall":64,"minecraft:wooden_axe":13,"minecraft:lantern":5,"minecraft:birch_sapling":1,"minecraft:quartz_block":20,"minecraft:stone_brick_stairs":12,"minecraft:stone_bricks":104,"minecraft:golden_sword":3,"minecraft:glowstone":20,"minecraft:bow":37,"minecraft:cooked_cod":4,"minecraft:oak_sapling":5,"minecraft:furnace":8,"minecraft:potato":8,"minecraft:cooked_beef":20,"minecraft:cobbled_deepslate":47,"minecraft:cherry_fence":4,"minecraft:wheat_seeds":2,"minecraft:water_bucket":21,"minecraft:amethyst_block":27,"minecraft:cobblestone_stairs":35,"minecraft:birch_planks":13,"minecraft:oak_planks":130,"minecraft:stone_pickaxe":1513,"minecraft:wooden_pickaxe":17,"minecraft:cherry_planks":305,"minecraft:sugar_cane":8,"minecraft:oak_slab":122,"minecraft:crafting_table":27,"minecraft:white_bed":5,"minecraft:apple":3,"minecraft:bread":5,"minecraft:cherry_door":3,"minecraft:birch_slab":126,"minecraft:iron_pickaxe":7,"minecraft:gravel":4,"minecraft:stone_axe":494,"minecraft:pink_petals":6,"minecraft:fishing_rod":25,"minecraft:wooden_sword":75,"minecraft:cobblestone":283,"minecraft:cooked_porkchop":7,"minecraft:bucket":21}},"DataVersion":3953}