{"stats":{"minecraft:crafted":{"minecraft:cherry_planks":144,"minecraft:wooden_sword":2,"minecraft:oak_door":3,"minecraft:oak_planks":304,"minecraft:stone_shovel":2,"minecraft:birch_slab":126,"minecraft:furnace":2,"minecraft:stone":54,"minecraft:cobblestone_stairs":16,"minecraft:quartz_block":18,"minecraft:iron_boots":1,"minecraft:ladder":12,"minecraft:stone_pickaxe":10,"minecraft:cobblestone_wall":54,"minecraft:chest":8,"minecraft:stone_hoe":2,"minecraft:stone_bricks":52,"minecraft:cooked_beef":20,"minecraft:oak_slab":138,"minecraft:cooked_porkchop":3,"minecraft:crafting_table":4,"minecraft:wooden_pickaxe":2,"minecraft:iron_helmet":1,"minecraft:copper_ingot":9,"minecraft:birch_planks":128,"minecraft:stone_axe":5,"minecraft:glowstone":30,"minecraft:air":0,"minecraft:stone_brick_stairs":12,"minecraft:iron_chestplate":1,"minecraft:charcoal":66,"minecraft:stick":128,"minecraft:iron_ingot":48,"minecraft:wooden_axe":1,"minecraft:stone_sword":4,"minecraft:gold_ingot":5,"minecraft:iron_leggings":1,"minecraft:torch":182},"minecraft:picked_up":{"minecraft:charcoal":58,"minecraft:crafting_table":15,"minecraft:wheat":1,"minecraft:ladder":8,"minecraft:golden_sword":1,"minecraft:amethyst_block":46,"minecraft:raw_copper":696,"minecraft:wooden_sword":2,"minecraft:gold_nugget":61,"minecraft:cobbled_deepslate":47,"minecraft:beef":20,"minecraft:calcite":6,"minecraft:iron_pickaxe":3,"minecraft:birch_sapling":1,"minecraft:furnace":6,"minecraft:raw_iron":58,"minecraft:stick":23,"minecraft:stone":24,"minecraft:oak_door":10,"minecraft:torch":45,"minecraft:porkchop":5,"minecraft:cherry_log":36,"minecraft:pointed_dripstone":108,"minecraft:diorite":3,"minecraft:quartz_block":4,"minecraft:rotten_flesh":21,"minecraft:stone_sword":3,"minecraft:arrow":25,"minecraft:stone_shovel":1,"minecraft:cut_copper":20,"minecraft:shears":1,"minecraft:bone_block":15,"minecraft:cobblestone":545,"minecraft:birch_log":42,"minecraft:birch_slab":13,"minecraft:leather":12,"minecraft:birch_planks":4,"minecraft:flint":4,"minecraft:tuff":2,"minecraft:oak_log":158,"minecraft:cobblestone_wall":22,"minecraft:gunpowder":1,"minecraft:cobblestone_stairs":21,"minecraft:cherry_door":2,"minecraft:dirt":162,"minecraft:bone":16,"minecraft:apple":1,"minecraft:stone_bricks":10,"minecraft:bow":3,"minecraft:wheat_seeds":24,"minecraft:raw_gold":5,"minecraft:glowstone_dust":123,"minecraft:soul_sand":21,"minecraft:oak_planks":147,"minecraft:oak_slab":6,"minecraft:smooth_basalt":10,"minecraft:quartz":75,"minecraft:dandelion":2,"minecraft:spyglass":1,"minecraft:gravel":144,"minecraft:dripstone_block":9,"minecraft:stone_axe":3,"minecraft:cherry_sapling":13,"minecraft:bread":1,"minecraft:oak_sapling":5,"minecraft:netherrack":77,"minecraft:coal":246,"minecraft:ender_pearl":1},"minecraft:custom":{"minecraft:mob_kills":46,"minecraft:interact_with_crafting_table":119,"minecraft:open_barrel":70,"minecraft:leave_game":1,"minecraft:time_since_death":29078,"minecraft:climb_one_cm":14488,"minecraft:sprint_one_cm":694398,"minecraft:walk_one_cm":1600240,"minecraft:drop":23,"minecraft:play_time":363872,"minecraft:deaths":25,"minecraft:sneak_time":9105,"minecraft:walk_under_water_one_cm":649,"minecraft:jump":4078,"minecraft:walk_on_water_one_cm":7437,"minecraft:total_world_time":363872,"minecraft:interact_with_furnace":122,"minecraft:time_since_rest":29105,"minecraft:damage_taken":8508,"minecraft:damage_dealt":8468,"minecraft:fly_one_cm":138467,"minecraft:player_kills":1,"minecraft:open_chest":60,"minecraft:crouch_one_cm":21845,"minecraft:fall_one_cm":68156},"minecraft:dropped":{"minecraft:stone_hoe":1,"minecraft:soul_sand":1,"minecraft:warden_spawn_egg":1,"minecraft:leather":8,"minecraft:stick":2,"minecraft:torch":1,"minecraft:wooden_axe":1,"minecraft:wooden_sword":1,"minecraft:gravel":6,"minecraft:stone_axe":1,"minecraft:stone_sword":1,"minecraft:cherry_sapling":1,"minecraft:rotten_flesh":16,"minecraft:wooden_pickaxe":2},"minecraft:broken":{"minecraft:stone_sword":1,"minecraft:stone_pickaxe":9,"minecraft:wooden_sword":1,"minecraft:stone_axe":2},"minecraft:killed_by":{"minecraft:player":2,"minecraft:creeper":1,"minecraft:enderman":2,"minecraft:warden":9,"minecraft:skeleton":4,"minecraft:zombie":6},"minecraft:used":{"minecraft:stone_sword":329,"minecraft:stone_shovel":154,"minecraft:ladder":18,"minecraft:chest":8,"minecraft:netherrack":49,"minecraft:oak_door":12,"minecraft:torch":220,"minecraft:soul_sand":20,"minecraft:dirt":78,"minecraft:spyglass":14,"minecraft:cut_copper":20,"minecraft:cobblestone_wall":64,"minecraft:wooden_axe":13,"minecraft:birch_sapling":1,"minecraft:quartz_block":20,"minecraft:stone_brick_stairs":12,"minecraft:stone_bricks":44,"minecraft:glowstone":20,"minecraft:bow":14,"minecraft:furnace":8,"minecraft:oak_sapling":5,"minecraft:cooked_beef":20,"minecraft:cobbled_deepslate":47,"minecraft:wheat_seeds":2,"minecraft:amethyst_block":27,"minecraft:cobblestone_stairs":33,"minecraft:birch_planks":6,"minecraft:stone_pickaxe":1273,"minecraft:oak_planks":130,"minecraft:wooden_pickaxe":17,"minecraft:cherry_planks":6,"minecraft:oak_slab":51,"minecraft:crafting_table":14,"minecraft:apple":3,"minecraft:cherry_door":2,"minecraft:birch_slab":55,"minecraft:bread":1,"minecraft:iron_pickaxe":5,"minecraft:gravel":4,"minecraft:stone_axe":375,"minecraft:wooden_sword":75,"minecraft:cobblestone":196},"minecraft:killed":{"minecraft:skeleton":11,"minecraft:warden":1,"minecraft:piglin":3,"minecraft:pig":2,"minecraft:creeper":1,"minecraft:zombie":15,"minecraft:cow":9,"minecraft:enderman":1},"minecraft:mined":{"minecraft:nether_gold_ore":15,"minecraft:tuff":1,"minecraft:oak_door":8,"minecraft:cherry_log":37,"minecraft:cobblestone_stairs":21,"minecraft:glow_lichen":1,"minecraft:ladder":1,"minecraft:grass_block":66,"minecraft:birch_slab":12,"minecraft:glowstone":48,"minecraft:furnace":6,"minecraft:iron_ore":27,"minecraft:cobbled_deepslate":13,"minecraft:pointed_dripstone":31,"minecraft:deepslate_iron_ore":8,"minecraft:cut_copper":19,"minecraft:stone":440,"minecraft:bone_block":15,"minecraft:oak_slab":5,"minecraft:quartz_block":4,"minecraft:soul_sand":21,"minecraft:dandelion":2,"minecraft:crafting_table":13,"minecraft:torch":19,"minecraft:nether_quartz_ore":77,"minecraft:tall_grass":7,"minecraft:copper_ore":124,"minecraft:cobblestone":49,"minecraft:deepslate_gold_ore":5,"minecraft:oak_planks":89,"minecraft:diorite":3,"minecraft:wall_torch":18,"minecraft:amethyst_block":28,"minecraft:birch_planks":4,"minecraft:cobblestone_wall":17,"minecraft:birch_log":37,"minecraft:wheat":2,"minecraft:birch_leaves":7,"minecraft:cherry_door":1,"minecraft:grass":54,"minecraft:coal_ore":174,"minecraft:oak_log":153,"minecraft:cherry_leaves":5,"minecraft:dirt":77,"minecraft:gravel":9,"minecraft:dripstone_block":6,"minecraft:stone_bricks":10,"minecraft:netherrack":81,"minecraft:oak_leaves":27,"minecraft:deepslate":33}},"DataVersion":3465}