{"stats":{"minecraft:crafted":{"minecraft:cooked_beef":4,"minecraft:wooden_sword":2,"minecraft:oak_door":3,"minecraft:oak_planks":196,"minecraft:stone_shovel":1,"minecraft:crafting_table":3,"minecraft:wooden_pickaxe":1,"minecraft:furnace":1,"minecraft:cobblestone_stairs":16,"minecraft:stone_axe":3,"minecraft:charcoal":2,"minecraft:ladder":12,"minecraft:stick":72,"minecraft:stone_pickaxe":4,"minecraft:wooden_axe":1,"minecraft:cobblestone_wall":54,"minecraft:stone_sword":2,"minecraft:chest":4,"minecraft:torch":54,"minecraft:stone_hoe":1},"minecraft:picked_up":{"minecraft:birch_log":10,"minecraft:crafting_table":7,"minecraft:ladder":8,"minecraft:leather":4,"minecraft:flint":2,"minecraft:oak_log":61,"minecraft:cobblestone_wall":22,"minecraft:cobblestone_stairs":21,"minecraft:dirt":105,"minecraft:raw_copper":687,"minecraft:bone":1,"minecraft:apple":1,"minecraft:wheat_seeds":4,"minecraft:beef":4,"minecraft:iron_pickaxe":2,"minecraft:birch_sapling":1,"minecraft:oak_planks":144,"minecraft:stick":2,"minecraft:raw_iron":18,"minecraft:oak_door":4,"minecraft:spyglass":1,"minecraft:torch":36,"minecraft:dandelion":2,"minecraft:dripstone_block":2,"minecraft:gravel":140,"minecraft:porkchop":5,"minecraft:pointed_dripstone":106,"minecraft:arrow":2,"minecraft:stone_sword":1,"minecraft:stone_shovel":1,"minecraft:rotten_flesh":7,"minecraft:stone_axe":1,"minecraft:oak_sapling":5,"minecraft:coal":141,"minecraft:cobblestone":300},"minecraft:custom":{"minecraft:interact_with_furnace":29,"minecraft:mob_kills":9,"minecraft:interact_with_crafting_table":64,"minecraft:open_barrel":29,"minecraft:time_since_death":3603,"minecraft:climb_one_cm":13956,"minecraft:time_since_rest":3632,"minecraft:sprint_one_cm":316257,"minecraft:damage_taken":1985,"minecraft:walk_one_cm":712123,"minecraft:drop":8,"minecraft:damage_dealt":1986,"minecraft:fly_one_cm":53872,"minecraft:open_chest":25,"minecraft:crouch_one_cm":6514,"minecraft:play_time":161856,"minecraft:deaths":6,"minecraft:sneak_time":2451,"minecraft:jump":1854,"minecraft:walk_on_water_one_cm":382,"minecraft:total_world_time":161856,"minecraft:fall_one_cm":24815},"minecraft:dropped":{"minecraft:stone_hoe":1,"minecraft:rotten_flesh":4,"minecraft:torch":1,"minecraft:wooden_axe":1,"minecraft:wooden_pickaxe":1,"minecraft:gravel":6},"minecraft:broken":{"minecraft:stone_pickaxe":4,"minecraft:wooden_sword":1,"minecraft:stone_axe":1},"minecraft:killed_by":{"minecraft:skeleton":1,"minecraft:zombie":3,"minecraft:enderman":2},"minecraft:used":{"minecraft:stone_sword":88,"minecraft:cobblestone_stairs":33,"minecraft:stone_pickaxe":540,"minecraft:stone_shovel":88,"minecraft:ladder":18,"minecraft:oak_planks":123,"minecraft:chest":4,"minecraft:wooden_pickaxe":16,"minecraft:oak_door":6,"minecraft:torch":91,"minecraft:spyglass":1,"minecraft:dirt":65,"minecraft:crafting_table":7,"minecraft:cobblestone_wall":64,"minecraft:wooden_axe":13,"minecraft:apple":2,"minecraft:birch_sapling":1,"minecraft:stone_axe":146,"minecraft:wooden_sword":75,"minecraft:cobblestone":105,"minecraft:oak_sapling":5,"minecraft:furnace":1,"minecraft:cooked_beef":4},"minecraft:killed":{"minecraft:pig":2,"minecraft:zombie":5,"minecraft:cow":2},"minecraft:mined":{"minecraft:oak_door":3,"minecraft:cobblestone_stairs":21,"minecraft:dandelion":2,"minecraft:crafting_table":6,"minecraft:torch":19,"minecraft:ladder":1,"minecraft:grass_block":62,"minecraft:copper_ore":122,"minecraft:tall_grass":4,"minecraft:cobblestone":14,"minecraft:oak_planks":86,"minecraft:wall_torch":14,"minecraft:cobblestone_wall":17,"minecraft:iron_ore":9,"minecraft:birch_log":5,"minecraft:birch_leaves":2,"minecraft:grass":48,"minecraft:pointed_dripstone":29,"minecraft:oak_log":60,"minecraft:coal_ore":77,"minecraft:dripstone_block":1,"minecraft:gravel":4,"minecraft:dirt":22,"minecraft:stone":249,"minecraft:oak_leaves":11}},"DataVersion":3465}