{"stats":{"minecraft:crafted":{"minecraft:cooked_beef":13,"minecraft:wooden_sword":2,"minecraft:oak_door":3,"minecraft:oak_planks":220,"minecraft:stone_shovel":2,"minecraft:crafting_table":4,"minecraft:wooden_pickaxe":1,"minecraft:furnace":1,"minecraft:cobblestone_stairs":16,"minecraft:stone_axe":4,"minecraft:air":0,"minecraft:iron_boots":1,"minecraft:charcoal":2,"minecraft:ladder":12,"minecraft:stick":96,"minecraft:iron_ingot":4,"minecraft:stone_pickaxe":6,"minecraft:wooden_axe":1,"minecraft:cobblestone_wall":54,"minecraft:stone_sword":3,"minecraft:chest":4,"minecraft:torch":106,"minecraft:stone_hoe":2},"minecraft:picked_up":{"minecraft:crafting_table":9,"minecraft:wheat":1,"minecraft:ladder":8,"minecraft:leather":8,"minecraft:flint":2,"minecraft:oak_log":72,"minecraft:gunpowder":1,"minecraft:cobblestone_wall":22,"minecraft:cobblestone_stairs":21,"minecraft:dirt":106,"minecraft:raw_copper":696,"minecraft:wooden_sword":2,"minecraft:bone":6,"minecraft:apple":1,"minecraft:bow":3,"minecraft:wheat_seeds":24,"minecraft:beef":13,"minecraft:iron_pickaxe":2,"minecraft:birch_sapling":1,"minecraft:oak_planks":144,"minecraft:stick":8,"minecraft:raw_iron":39,"minecraft:oak_door":4,"minecraft:torch":38,"minecraft:dandelion":2,"minecraft:spyglass":1,"minecraft:dripstone_block":5,"minecraft:gravel":141,"minecraft:porkchop":5,"minecraft:pointed_dripstone":107,"minecraft:stone_sword":3,"minecraft:arrow":14,"minecraft:stone_shovel":1,"minecraft:rotten_flesh":13,"minecraft:stone_axe":3,"minecraft:cut_copper":2,"minecraft:bread":1,"minecraft:oak_sapling":5,"minecraft:coal":237,"minecraft:cobblestone":378,"minecraft:birch_log":10},"minecraft:custom":{"minecraft:interact_with_furnace":52,"minecraft:mob_kills":21,"minecraft:interact_with_crafting_table":73,"minecraft:open_barrel":33,"minecraft:leave_game":1,"minecraft:time_since_death":5678,"minecraft:climb_one_cm":14488,"minecraft:time_since_rest":5740,"minecraft:sprint_one_cm":493174,"minecraft:damage_taken":3695,"minecraft:walk_one_cm":984095,"minecraft:drop":15,"minecraft:damage_dealt":3309,"minecraft:fly_one_cm":91970,"minecraft:open_chest":28,"minecraft:play_time":219872,"minecraft:crouch_one_cm":10032,"minecraft:deaths":11,"minecraft:sneak_time":4001,"minecraft:jump":2757,"minecraft:walk_on_water_one_cm":1252,"minecraft:total_world_time":219872,"minecraft:fall_one_cm":41536},"minecraft:dropped":{"minecraft:gravel":6,"minecraft:stone_hoe":1,"minecraft:stone_sword":1,"minecraft:rotten_flesh":8,"minecraft:leather":4,"minecraft:torch":1,"minecraft:wooden_axe":1,"minecraft:wooden_sword":1,"minecraft:wooden_pickaxe":1},"minecraft:broken":{"minecraft:stone_pickaxe":4,"minecraft:wooden_sword":1,"minecraft:stone_axe":1},"minecraft:killed_by":{"minecraft:player":1,"minecraft:skeleton":2,"minecraft:creeper":1,"minecraft:zombie":5,"minecraft:enderman":2},"minecraft:used":{"minecraft:wheat_seeds":2,"minecraft:stone_sword":131,"minecraft:cobblestone_stairs":33,"minecraft:stone_pickaxe":716,"minecraft:stone_shovel":88,"minecraft:ladder":18,"minecraft:oak_planks":127,"minecraft:chest":4,"minecraft:wooden_pickaxe":16,"minecraft:oak_door":6,"minecraft:torch":139,"minecraft:spyglass":8,"minecraft:dirt":66,"minecraft:cut_copper":2,"minecraft:crafting_table":8,"minecraft:cobblestone_wall":64,"minecraft:wooden_axe":13,"minecraft:apple":3,"minecraft:bread":1,"minecraft:birch_sapling":1,"minecraft:gravel":1,"minecraft:stone_axe":147,"minecraft:wooden_sword":75,"minecraft:cobblestone":143,"minecraft:bow":7,"minecraft:oak_sapling":5,"minecraft:furnace":1,"minecraft:cooked_beef":10},"minecraft:killed":{"minecraft:pig":2,"minecraft:creeper":1,"minecraft:skeleton":3,"minecraft:zombie":8,"minecraft:cow":6},"minecraft:mined":{"minecraft:oak_door":3,"minecraft:cobblestone_stairs":21,"minecraft:dandelion":2,"minecraft:crafting_table":7,"minecraft:glow_lichen":1,"minecraft:torch":19,"minecraft:ladder":1,"minecraft:grass_block":62,"minecraft:copper_ore":124,"minecraft:tall_grass":4,"minecraft:cobblestone":14,"minecraft:oak_planks":86,"minecraft:wall_torch":15,"minecraft:iron_ore":16,"minecraft:cobblestone_wall":17,"minecraft:birch_log":5,"minecraft:wheat":2,"minecraft:birch_leaves":2,"minecraft:grass":49,"minecraft:pointed_dripstone":31,"minecraft:oak_log":67,"minecraft:coal_ore":174,"minecraft:gravel":4,"minecraft:dripstone_block":4,"minecraft:dirt":22,"minecraft:stone":314,"minecraft:oak_leaves":11}},"DataVersion":3465}