{"stats":{"minecraft:crafted":{"minecraft:cooked_beef":13,"minecraft:wooden_sword":2,"minecraft:oak_door":3,"minecraft:oak_planks":224,"minecraft:stone_shovel":2,"minecraft:crafting_table":4,"minecraft:wooden_pickaxe":1,"minecraft:furnace":1,"minecraft:cobblestone_stairs":16,"minecraft:stone_axe":4,"minecraft:air":0,"minecraft:iron_boots":1,"minecraft:charcoal":2,"minecraft:ladder":12,"minecraft:stick":112,"minecraft:iron_ingot":4,"minecraft:stone_pickaxe":6,"minecraft:wooden_axe":1,"minecraft:cobblestone_wall":54,"minecraft:stone_sword":3,"minecraft:chest":4,"minecraft:torch":170,"minecraft:stone_hoe":2},"minecraft:picked_up":{"minecraft:crafting_table":9,"minecraft:wheat":1,"minecraft:ladder":8,"minecraft:leather":8,"minecraft:flint":2,"minecraft:tuff":1,"minecraft:oak_log":72,"minecraft:gunpowder":1,"minecraft:cobblestone_wall":22,"minecraft:cobblestone_stairs":21,"minecraft:dirt":106,"minecraft:raw_copper":696,"minecraft:wooden_sword":2,"minecraft:bone":10,"minecraft:apple":1,"minecraft:bow":3,"minecraft:wheat_seeds":24,"minecraft:cobbled_deepslate":32,"minecraft:raw_gold":5,"minecraft:beef":13,"minecraft:iron_pickaxe":3,"minecraft:birch_sapling":1,"minecraft:oak_planks":144,"minecraft:stick":8,"minecraft:raw_iron":58,"minecraft:oak_door":4,"minecraft:torch":41,"minecraft:dandelion":2,"minecraft:spyglass":1,"minecraft:dripstone_block":9,"minecraft:gravel":141,"minecraft:porkchop":5,"minecraft:pointed_dripstone":108,"minecraft:stone_sword":3,"minecraft:arrow":17,"minecraft:stone_shovel":1,"minecraft:rotten_flesh":21,"minecraft:stone_axe":3,"minecraft:shears":1,"minecraft:cut_copper":2,"minecraft:bread":1,"minecraft:oak_sapling":5,"minecraft:coal":237,"minecraft:cobblestone":385,"minecraft:birch_log":10},"minecraft:custom":{"minecraft:interact_with_furnace":58,"minecraft:mob_kills":33,"minecraft:interact_with_crafting_table":77,"minecraft:open_barrel":33,"minecraft:leave_game":1,"minecraft:time_since_death":2904,"minecraft:climb_one_cm":14488,"minecraft:time_since_rest":2944,"minecraft:sprint_one_cm":523975,"minecraft:damage_taken":4506,"minecraft:walk_one_cm":1093268,"minecraft:drop":15,"minecraft:damage_dealt":5315,"minecraft:player_kills":1,"minecraft:fly_one_cm":97778,"minecraft:open_chest":29,"minecraft:play_time":243872,"minecraft:crouch_one_cm":10761,"minecraft:deaths":13,"minecraft:sneak_time":4297,"minecraft:walk_under_water_one_cm":649,"minecraft:jump":3131,"minecraft:walk_on_water_one_cm":7388,"minecraft:total_world_time":243872,"minecraft:fall_one_cm":55984},"minecraft:dropped":{"minecraft:gravel":6,"minecraft:stone_hoe":1,"minecraft:stone_sword":1,"minecraft:rotten_flesh":8,"minecraft:leather":4,"minecraft:torch":1,"minecraft:wooden_axe":1,"minecraft:wooden_sword":1,"minecraft:wooden_pickaxe":1},"minecraft:broken":{"minecraft:stone_pickaxe":5,"minecraft:stone_sword":1,"minecraft:wooden_sword":1,"minecraft:stone_axe":1},"minecraft:killed_by":{"minecraft:player":1,"minecraft:skeleton":3,"minecraft:creeper":1,"minecraft:zombie":6,"minecraft:enderman":2},"minecraft:used":{"minecraft:wheat_seeds":2,"minecraft:stone_sword":222,"minecraft:cobblestone_stairs":33,"minecraft:stone_pickaxe":784,"minecraft:stone_shovel":88,"minecraft:ladder":18,"minecraft:oak_planks":127,"minecraft:chest":4,"minecraft:wooden_pickaxe":16,"minecraft:oak_door":6,"minecraft:torch":202,"minecraft:spyglass":9,"minecraft:dirt":66,"minecraft:cut_copper":2,"minecraft:crafting_table":8,"minecraft:cobblestone_wall":64,"minecraft:wooden_axe":13,"minecraft:apple":3,"minecraft:bread":1,"minecraft:birch_sapling":1,"minecraft:iron_pickaxe":5,"minecraft:gravel":1,"minecraft:stone_axe":147,"minecraft:wooden_sword":75,"minecraft:cobblestone":163,"minecraft:bow":9,"minecraft:oak_sapling":5,"minecraft:furnace":1,"minecraft:cooked_beef":13},"minecraft:killed":{"minecraft:pig":2,"minecraft:creeper":1,"minecraft:skeleton":6,"minecraft:zombie":15,"minecraft:cow":6},"minecraft:mined":{"minecraft:tuff":1,"minecraft:oak_door":3,"minecraft:cobblestone_stairs":21,"minecraft:dandelion":2,"minecraft:crafting_table":7,"minecraft:glow_lichen":1,"minecraft:torch":19,"minecraft:ladder":1,"minecraft:grass_block":62,"minecraft:copper_ore":124,"minecraft:tall_grass":4,"minecraft:cobblestone":17,"minecraft:deepslate_gold_ore":5,"minecraft:oak_planks":86,"minecraft:wall_torch":16,"minecraft:iron_ore":27,"minecraft:cobblestone_wall":17,"minecraft:birch_log":5,"minecraft:wheat":2,"minecraft:birch_leaves":2,"minecraft:deepslate_iron_ore":8,"minecraft:grass":49,"minecraft:pointed_dripstone":31,"minecraft:oak_log":67,"minecraft:coal_ore":174,"minecraft:gravel":4,"minecraft:dripstone_block":6,"minecraft:dirt":22,"minecraft:stone":317,"minecraft:oak_leaves":11,"minecraft:deepslate":33}},"DataVersion":3465}