{"stats":{"minecraft:crafted":{"minecraft:cooked_beef":4,"minecraft:wooden_sword":1,"minecraft:oak_planks":32,"minecraft:stone_shovel":1,"minecraft:charcoal":2,"minecraft:crafting_table":1,"minecraft:stick":16,"minecraft:wooden_pickaxe":1,"minecraft:stone_pickaxe":1,"minecraft:wooden_axe":1,"minecraft:cobblestone_wall":12,"minecraft:stone_sword":1,"minecraft:furnace":1,"minecraft:cobblestone_stairs":16,"minecraft:torch":14,"minecraft:stone_hoe":1,"minecraft:stone_axe":1},"minecraft:picked_up":{"minecraft:birch_log":5,"minecraft:stick":2,"minecraft:crafting_table":2,"minecraft:leather":2,"minecraft:torch":2,"minecraft:porkchop":5,"minecraft:oak_log":32,"minecraft:cobblestone_wall":1,"minecraft:cobblestone_stairs":7,"minecraft:dirt":9,"minecraft:rotten_flesh":2,"minecraft:apple":1,"minecraft:wheat_seeds":3,"minecraft:beef":4,"minecraft:iron_pickaxe":1,"minecraft:oak_sapling":4,"minecraft:birch_sapling":1,"minecraft:coal":20,"minecraft:cobblestone":85},"minecraft:dropped":{"minecraft:rotten_flesh":2,"minecraft:wooden_pickaxe":1},"minecraft:custom":{"minecraft:time_since_rest":47856,"minecraft:interact_with_furnace":21,"minecraft:sprint_one_cm":54195,"minecraft:damage_taken":355,"minecraft:walk_one_cm":172429,"minecraft:mob_kills":5,"minecraft:drop":2,"minecraft:damage_dealt":958,"minecraft:interact_with_crafting_table":36,"minecraft:fly_one_cm":11257,"minecraft:crouch_one_cm":1095,"minecraft:play_time":47856,"minecraft:sneak_time":441,"minecraft:jump":480,"minecraft:time_since_death":47856,"minecraft:total_world_time":47856,"minecraft:fall_one_cm":6349},"minecraft:broken":{"minecraft:wooden_sword":1},"minecraft:used":{"minecraft:wooden_axe":13,"minecraft:stone_sword":40,"minecraft:apple":1,"minecraft:cobblestone_stairs":19,"minecraft:stone_shovel":9,"minecraft:stone_pickaxe":102,"minecraft:oak_planks":7,"minecraft:wooden_pickaxe":16,"minecraft:torch":16,"minecraft:stone_axe":19,"minecraft:wooden_sword":75,"minecraft:dirt":1,"minecraft:cobblestone":23,"minecraft:crafting_table":3,"minecraft:furnace":1,"minecraft:cobblestone_wall":12,"minecraft:cooked_beef":3},"minecraft:killed":{"minecraft:pig":2,"minecraft:zombie":1,"minecraft:cow":2},"minecraft:mined":{"minecraft:cobblestone_wall":2,"minecraft:birch_log":5,"minecraft:cobblestone_stairs":9,"minecraft:birch_leaves":2,"minecraft:dandelion":1,"minecraft:torch":1,"minecraft:crafting_table":2,"minecraft:grass":45,"minecraft:grass_block":4,"minecraft:coal_ore":20,"minecraft:oak_log":33,"minecraft:dirt":3,"minecraft:tall_grass":1,"minecraft:stone":87,"minecraft:wall_torch":1,"minecraft:oak_leaves":5}},"DataVersion":3465}