{"stats":{"minecraft:crafted":{"minecraft:wooden_sword":2,"minecraft:oak_door":3,"minecraft:oak_planks":304,"minecraft:stone_shovel":2,"minecraft:birch_slab":126,"minecraft:furnace":1,"minecraft:stone":32,"minecraft:cobblestone_stairs":16,"minecraft:quartz_block":15,"minecraft:iron_boots":1,"minecraft:ladder":12,"minecraft:stone_pickaxe":9,"minecraft:cobblestone_wall":54,"minecraft:chest":4,"minecraft:stone_hoe":2,"minecraft:stone_bricks":32,"minecraft:cooked_beef":20,"minecraft:oak_slab":138,"minecraft:crafting_table":4,"minecraft:wooden_pickaxe":2,"minecraft:iron_helmet":1,"minecraft:birch_planks":128,"minecraft:stone_axe":5,"minecraft:glowstone":30,"minecraft:air":0,"minecraft:stone_brick_stairs":12,"minecraft:iron_chestplate":1,"minecraft:charcoal":2,"minecraft:stick":124,"minecraft:iron_ingot":26,"minecraft:wooden_axe":1,"minecraft:stone_sword":4,"minecraft:iron_leggings":1,"minecraft:torch":182},"minecraft:picked_up":{"minecraft:crafting_table":12,"minecraft:wheat":1,"minecraft:ladder":8,"minecraft:amethyst_block":34,"minecraft:raw_copper":696,"minecraft:wooden_sword":2,"minecraft:gold_nugget":61,"minecraft:cobbled_deepslate":47,"minecraft:beef":20,"minecraft:calcite":6,"minecraft:iron_pickaxe":3,"minecraft:birch_sapling":1,"minecraft:raw_iron":58,"minecraft:stick":12,"minecraft:oak_door":5,"minecraft:torch":44,"minecraft:porkchop":5,"minecraft:pointed_dripstone":108,"minecraft:diorite":3,"minecraft:quartz_block":2,"minecraft:rotten_flesh":21,"minecraft:stone_sword":3,"minecraft:arrow":23,"minecraft:stone_shovel":1,"minecraft:cut_copper":20,"minecraft:shears":1,"minecraft:bone_block":13,"minecraft:cobblestone":520,"minecraft:birch_log":42,"minecraft:birch_slab":10,"minecraft:leather":12,"minecraft:birch_planks":1,"minecraft:flint":3,"minecraft:tuff":2,"minecraft:oak_log":158,"minecraft:cobblestone_wall":22,"minecraft:gunpowder":1,"minecraft:cobblestone_stairs":21,"minecraft:cherry_door":1,"minecraft:dirt":116,"minecraft:bone":16,"minecraft:apple":1,"minecraft:bow":3,"minecraft:wheat_seeds":24,"minecraft:raw_gold":5,"minecraft:glowstone_dust":123,"minecraft:soul_sand":20,"minecraft:oak_planks":145,"minecraft:oak_slab":3,"minecraft:smooth_basalt":10,"minecraft:quartz":63,"minecraft:dandelion":2,"minecraft:spyglass":1,"minecraft:gravel":144,"minecraft:dripstone_block":9,"minecraft:stone_axe":3,"minecraft:cherry_sapling":1,"minecraft:bread":1,"minecraft:oak_sapling":5,"minecraft:netherrack":58,"minecraft:coal":237,"minecraft:ender_pearl":1},"minecraft:custom":{"minecraft:mob_kills":44,"minecraft:interact_with_crafting_table":111,"minecraft:open_barrel":44,"minecraft:leave_game":1,"minecraft:time_since_death":77862,"minecraft:climb_one_cm":14488,"minecraft:sprint_one_cm":637492,"minecraft:walk_one_cm":1454716,"minecraft:drop":20,"minecraft:play_time":327872,"minecraft:deaths":23,"minecraft:sneak_time":8152,"minecraft:walk_under_water_one_cm":649,"minecraft:jump":3791,"minecraft:walk_on_water_one_cm":7437,"minecraft:total_world_time":327872,"minecraft:interact_with_furnace":89,"minecraft:time_since_rest":77925,"minecraft:damage_taken":7965,"minecraft:damage_dealt":8236,"minecraft:fly_one_cm":125351,"minecraft:player_kills":1,"minecraft:open_chest":54,"minecraft:crouch_one_cm":20143,"minecraft:fall_one_cm":61798},"minecraft:dropped":{"minecraft:stone_hoe":1,"minecraft:warden_spawn_egg":1,"minecraft:leather":8,"minecraft:torch":1,"minecraft:wooden_axe":1,"minecraft:wooden_sword":1,"minecraft:gravel":6,"minecraft:stone_axe":1,"minecraft:stone_sword":1,"minecraft:cherry_sapling":1,"minecraft:rotten_flesh":16,"minecraft:wooden_pickaxe":1},"minecraft:broken":{"minecraft:stone_sword":1,"minecraft:stone_pickaxe":8,"minecraft:wooden_sword":1,"minecraft:stone_axe":2},"minecraft:killed_by":{"minecraft:player":2,"minecraft:creeper":1,"minecraft:enderman":2,"minecraft:warden":9,"minecraft:skeleton":3,"minecraft:zombie":6},"minecraft:used":{"minecraft:stone_sword":322,"minecraft:stone_shovel":108,"minecraft:ladder":18,"minecraft:chest":4,"minecraft:netherrack":49,"minecraft:oak_door":6,"minecraft:torch":219,"minecraft:soul_sand":20,"minecraft:dirt":66,"minecraft:spyglass":14,"minecraft:cut_copper":20,"minecraft:cobblestone_wall":64,"minecraft:wooden_axe":13,"minecraft:birch_sapling":1,"minecraft:quartz_block":17,"minecraft:stone_brick_stairs":12,"minecraft:stone_bricks":12,"minecraft:glowstone":18,"minecraft:bow":14,"minecraft:furnace":1,"minecraft:oak_sapling":5,"minecraft:cooked_beef":20,"minecraft:cobbled_deepslate":47,"minecraft:wheat_seeds":2,"minecraft:amethyst_block":27,"minecraft:cobblestone_stairs":33,"minecraft:birch_planks":6,"minecraft:stone_pickaxe":1182,"minecraft:oak_planks":130,"minecraft:wooden_pickaxe":17,"minecraft:oak_slab":42,"minecraft:crafting_table":11,"minecraft:apple":3,"minecraft:birch_slab":45,"minecraft:bread":1,"minecraft:iron_pickaxe":5,"minecraft:gravel":2,"minecraft:stone_axe":314,"minecraft:wooden_sword":75,"minecraft:cobblestone":181},"minecraft:killed":{"minecraft:skeleton":10,"minecraft:warden":1,"minecraft:piglin":2,"minecraft:pig":2,"minecraft:creeper":1,"minecraft:zombie":15,"minecraft:cow":9,"minecraft:enderman":1},"minecraft:mined":{"minecraft:nether_gold_ore":15,"minecraft:tuff":1,"minecraft:oak_door":3,"minecraft:cobblestone_stairs":21,"minecraft:glow_lichen":1,"minecraft:ladder":1,"minecraft:grass_block":62,"minecraft:birch_slab":10,"minecraft:glowstone":48,"minecraft:iron_ore":27,"minecraft:cobbled_deepslate":13,"minecraft:pointed_dripstone":31,"minecraft:deepslate_iron_ore":8,"minecraft:cut_copper":19,"minecraft:stone":423,"minecraft:bone_block":13,"minecraft:oak_slab":3,"minecraft:quartz_block":2,"minecraft:soul_sand":20,"minecraft:dandelion":2,"minecraft:crafting_table":10,"minecraft:torch":19,"minecraft:nether_quartz_ore":63,"minecraft:tall_grass":7,"minecraft:copper_ore":124,"minecraft:cobblestone":46,"minecraft:deepslate_gold_ore":5,"minecraft:oak_planks":87,"minecraft:diorite":3,"minecraft:wall_torch":18,"minecraft:amethyst_block":16,"minecraft:birch_planks":1,"minecraft:cobblestone_wall":17,"minecraft:birch_log":37,"minecraft:wheat":2,"minecraft:birch_leaves":7,"minecraft:grass":53,"minecraft:coal_ore":174,"minecraft:oak_log":153,"minecraft:dirt":31,"minecraft:gravel":8,"minecraft:dripstone_block":6,"minecraft:netherrack":62,"minecraft:oak_leaves":27,"minecraft:deepslate":33}},"DataVersion":3465}