{"stats":{"minecraft:crafted":{"minecraft:cooked_beef":4,"minecraft:wooden_sword":1,"minecraft:oak_door":3,"minecraft:oak_planks":184,"minecraft:stone_shovel":1,"minecraft:crafting_table":2,"minecraft:wooden_pickaxe":1,"minecraft:furnace":1,"minecraft:cobblestone_stairs":16,"minecraft:stone_axe":2,"minecraft:charcoal":2,"minecraft:ladder":12,"minecraft:stick":60,"minecraft:stone_pickaxe":3,"minecraft:wooden_axe":1,"minecraft:cobblestone_wall":54,"minecraft:stone_sword":1,"minecraft:chest":4,"minecraft:torch":22,"minecraft:stone_hoe":1},"minecraft:picked_up":{"minecraft:birch_log":5,"minecraft:crafting_table":4,"minecraft:ladder":6,"minecraft:leather":2,"minecraft:oak_log":52,"minecraft:cobblestone_wall":16,"minecraft:cobblestone_stairs":19,"minecraft:dirt":85,"minecraft:apple":1,"minecraft:wheat_seeds":4,"minecraft:beef":4,"minecraft:iron_pickaxe":1,"minecraft:birch_sapling":1,"minecraft:oak_planks":84,"minecraft:stick":2,"minecraft:oak_door":4,"minecraft:torch":10,"minecraft:dandelion":1,"minecraft:porkchop":5,"minecraft:rotten_flesh":4,"minecraft:oak_sapling":5,"minecraft:coal":39,"minecraft:cobblestone":207},"minecraft:custom":{"minecraft:interact_with_furnace":22,"minecraft:mob_kills":6,"minecraft:interact_with_crafting_table":57,"minecraft:open_barrel":12,"minecraft:time_since_death":107856,"minecraft:climb_one_cm":13424,"minecraft:time_since_rest":107856,"minecraft:sprint_one_cm":130286,"minecraft:damage_taken":535,"minecraft:walk_one_cm":423906,"minecraft:drop":4,"minecraft:damage_dealt":1155,"minecraft:fly_one_cm":22071,"minecraft:open_chest":19,"minecraft:crouch_one_cm":5490,"minecraft:play_time":107856,"minecraft:sneak_time":2160,"minecraft:jump":976,"minecraft:total_world_time":107856,"minecraft:fall_one_cm":10317},"minecraft:dropped":{"minecraft:stone_hoe":1,"minecraft:rotten_flesh":2,"minecraft:torch":1,"minecraft:wooden_pickaxe":1},"minecraft:broken":{"minecraft:stone_pickaxe":2,"minecraft:wooden_sword":1,"minecraft:stone_axe":1},"minecraft:used":{"minecraft:stone_sword":56,"minecraft:cobblestone_stairs":33,"minecraft:stone_pickaxe":276,"minecraft:stone_shovel":84,"minecraft:ladder":13,"minecraft:oak_planks":123,"minecraft:chest":4,"minecraft:wooden_pickaxe":16,"minecraft:oak_door":6,"minecraft:torch":31,"minecraft:dirt":62,"minecraft:crafting_table":5,"minecraft:cobblestone_wall":64,"minecraft:wooden_axe":13,"minecraft:apple":1,"minecraft:birch_sapling":1,"minecraft:stone_axe":138,"minecraft:wooden_sword":75,"minecraft:cobblestone":101,"minecraft:oak_sapling":5,"minecraft:furnace":1,"minecraft:cooked_beef":4},"minecraft:killed":{"minecraft:pig":2,"minecraft:zombie":2,"minecraft:cow":2},"minecraft:mined":{"minecraft:oak_door":3,"minecraft:cobblestone_stairs":21,"minecraft:dandelion":2,"minecraft:crafting_table":4,"minecraft:torch":2,"minecraft:grass_block":62,"minecraft:tall_grass":4,"minecraft:cobblestone":13,"minecraft:oak_planks":86,"minecraft:wall_torch":7,"minecraft:cobblestone_wall":17,"minecraft:birch_log":5,"minecraft:birch_leaves":2,"minecraft:grass":47,"minecraft:oak_log":53,"minecraft:coal_ore":39,"minecraft:dirt":22,"minecraft:stone":202,"minecraft:oak_leaves":10}},"DataVersion":3465}