{"stats":{"minecraft:crafted":{"minecraft:cooked_beef":4,"minecraft:wooden_sword":1,"minecraft:oak_door":3,"minecraft:oak_planks":184,"minecraft:stone_shovel":1,"minecraft:crafting_table":2,"minecraft:wooden_pickaxe":1,"minecraft:furnace":1,"minecraft:cobblestone_stairs":16,"minecraft:stone_axe":2,"minecraft:charcoal":2,"minecraft:ladder":12,"minecraft:stick":60,"minecraft:stone_pickaxe":4,"minecraft:wooden_axe":1,"minecraft:cobblestone_wall":54,"minecraft:stone_sword":1,"minecraft:chest":4,"minecraft:torch":46,"minecraft:stone_hoe":1},"minecraft:picked_up":{"minecraft:birch_log":10,"minecraft:crafting_table":6,"minecraft:ladder":8,"minecraft:leather":4,"minecraft:flint":2,"minecraft:oak_log":54,"minecraft:cobblestone_wall":22,"minecraft:cobblestone_stairs":21,"minecraft:dirt":105,"minecraft:raw_copper":686,"minecraft:apple":1,"minecraft:wheat_seeds":4,"minecraft:beef":4,"minecraft:iron_pickaxe":2,"minecraft:birch_sapling":1,"minecraft:oak_planks":144,"minecraft:stick":2,"minecraft:raw_iron":18,"minecraft:oak_door":4,"minecraft:torch":36,"minecraft:dandelion":2,"minecraft:dripstone_block":2,"minecraft:gravel":140,"minecraft:porkchop":5,"minecraft:pointed_dripstone":106,"minecraft:stone_sword":1,"minecraft:stone_shovel":1,"minecraft:rotten_flesh":6,"minecraft:stone_axe":1,"minecraft:oak_sapling":5,"minecraft:coal":141,"minecraft:cobblestone":297},"minecraft:custom":{"minecraft:interact_with_furnace":22,"minecraft:mob_kills":8,"minecraft:interact_with_crafting_table":58,"minecraft:open_barrel":12,"minecraft:time_since_death":1268,"minecraft:climb_one_cm":13956,"minecraft:time_since_rest":1296,"minecraft:sprint_one_cm":161362,"minecraft:damage_taken":1045,"minecraft:walk_one_cm":557165,"minecraft:drop":8,"minecraft:damage_dealt":1614,"minecraft:fly_one_cm":27756,"minecraft:open_chest":19,"minecraft:crouch_one_cm":6514,"minecraft:play_time":137856,"minecraft:deaths":2,"minecraft:sneak_time":2451,"minecraft:jump":1378,"minecraft:walk_on_water_one_cm":382,"minecraft:total_world_time":137856,"minecraft:fall_one_cm":18554},"minecraft:dropped":{"minecraft:stone_hoe":1,"minecraft:rotten_flesh":4,"minecraft:torch":1,"minecraft:wooden_axe":1,"minecraft:wooden_pickaxe":1,"minecraft:gravel":6},"minecraft:broken":{"minecraft:stone_pickaxe":4,"minecraft:wooden_sword":1,"minecraft:stone_axe":1},"minecraft:killed_by":{"minecraft:zombie":1,"minecraft:enderman":1},"minecraft:used":{"minecraft:stone_sword":78,"minecraft:cobblestone_stairs":33,"minecraft:stone_pickaxe":540,"minecraft:stone_shovel":88,"minecraft:ladder":18,"minecraft:oak_planks":123,"minecraft:chest":4,"minecraft:wooden_pickaxe":16,"minecraft:oak_door":6,"minecraft:torch":83,"minecraft:dirt":65,"minecraft:crafting_table":6,"minecraft:cobblestone_wall":64,"minecraft:wooden_axe":13,"minecraft:apple":1,"minecraft:birch_sapling":1,"minecraft:stone_axe":139,"minecraft:wooden_sword":75,"minecraft:cobblestone":104,"minecraft:oak_sapling":5,"minecraft:furnace":1,"minecraft:cooked_beef":4},"minecraft:killed":{"minecraft:pig":2,"minecraft:zombie":4,"minecraft:cow":2},"minecraft:mined":{"minecraft:oak_door":3,"minecraft:cobblestone_stairs":21,"minecraft:dandelion":2,"minecraft:crafting_table":5,"minecraft:torch":18,"minecraft:ladder":1,"minecraft:grass_block":62,"minecraft:copper_ore":122,"minecraft:tall_grass":4,"minecraft:cobblestone":14,"minecraft:oak_planks":86,"minecraft:wall_torch":14,"minecraft:cobblestone_wall":17,"minecraft:iron_ore":9,"minecraft:birch_log":5,"minecraft:birch_leaves":2,"minecraft:grass":47,"minecraft:pointed_dripstone":29,"minecraft:oak_log":53,"minecraft:coal_ore":77,"minecraft:dripstone_block":1,"minecraft:gravel":4,"minecraft:dirt":22,"minecraft:stone":249,"minecraft:oak_leaves":10}},"DataVersion":3465}