{"stats":{"minecraft:custom":{"minecraft:mob_kills":56,"minecraft:interact_with_crafting_table":162,"minecraft:open_barrel":134,"minecraft:leave_game":2,"minecraft:time_since_death":28524,"minecraft:climb_one_cm":19118,"minecraft:sprint_one_cm":829505,"minecraft:walk_one_cm":2285293,"minecraft:drop":25,"minecraft:play_time":508445,"minecraft:sneak_time":10510,"minecraft:deaths":26,"minecraft:walk_under_water_one_cm":4239,"minecraft:jump":5177,"minecraft:walk_on_water_one_cm":8856,"minecraft:total_world_time":508445,"minecraft:interact_with_furnace":161,"minecraft:sleep_in_bed":6,"minecraft:time_since_rest":28548,"minecraft:damage_taken":9330,"minecraft:damage_dealt":9778,"minecraft:fly_one_cm":173243,"minecraft:player_kills":1,"minecraft:open_chest":138,"minecraft:crouch_one_cm":26566,"minecraft:fish_caught":5,"minecraft:fall_one_cm":75263,"minecraft:horse_one_cm":6512},"minecraft:crafted":{"minecraft:cherry_planks":280,"minecraft:wooden_sword":2,"minecraft:oak_door":3,"minecraft:oak_planks":312,"minecraft:stone_shovel":5,"minecraft:fishing_rod":1,"minecraft:leather_boots":1,"minecraft:birch_slab":126,"minecraft:furnace":2,"minecraft:cobblestone_stairs":20,"minecraft:stone":130,"minecraft:bone_meal":9,"minecraft:quartz_block":18,"minecraft:iron_boots":1,"minecraft:ladder":21,"minecraft:stone_pickaxe":11,"minecraft:cobblestone_wall":54,"minecraft:chest":8,"minecraft:stone_hoe":2,"minecraft:oak_fence":6,"minecraft:stone_bricks":112,"minecraft:cooked_beef":20,"minecraft:cooked_cod":4,"minecraft:oak_slab":138,"minecraft:cooked_porkchop":7,"minecraft:crafting_table":5,"minecraft:wooden_pickaxe":2,"minecraft:iron_helmet":1,"minecraft:cooked_salmon":1,"minecraft:copper_ingot":73,"minecraft:bucket":1,"minecraft:birch_planks":128,"minecraft:stone_axe":6,"minecraft:glowstone":30,"minecraft:air":0,"minecraft:stone_brick_stairs":12,"minecraft:iron_chestplate":1,"minecraft:charcoal":66,"minecraft:stick":164,"minecraft:iron_ingot":55,"minecraft:wooden_axe":1,"minecraft:stone_sword":5,"minecraft:iron_leggings":1,"minecraft:cherry_door":3,"minecraft:gold_ingot":11,"minecraft:white_bed":2,"minecraft:torch":182},"minecraft:killed_by":{"minecraft:player":3,"minecraft:creeper":1,"minecraft:enderman":2,"minecraft:warden":9,"minecraft:skeleton":4,"minecraft:zombie":6},"minecraft:dropped":{"minecraft:stone_hoe":1,"minecraft:soul_sand":1,"minecraft:warden_spawn_egg":1,"minecraft:leather":8,"minecraft:stick":2,"minecraft:torch":1,"minecraft:wooden_axe":1,"minecraft:wooden_sword":1,"minecraft:dandelion":2,"minecraft:gravel":6,"minecraft:stone_axe":1,"minecraft:stone_sword":1,"minecraft:cherry_sapling":1,"minecraft:rotten_flesh":16,"minecraft:wooden_pickaxe":2},"minecraft:broken":{"minecraft:stone_sword":2,"minecraft:stone_pickaxe":10,"minecraft:golden_sword":1,"minecraft:wooden_sword":1,"minecraft:stone_axe":3,"minecraft:stone_shovel":3},"minecraft:killed":{"minecraft:spider":2,"minecraft:skeleton":12,"minecraft:warden":1,"minecraft:piglin":3,"minecraft:pig":4,"minecraft:creeper":2,"minecraft:zombie":19,"minecraft:cow":9,"minecraft:enderman":1},"minecraft:mined":{"minecraft:nether_gold_ore":15,"minecraft:tuff":1,"minecraft:white_bed":3,"minecraft:oak_door":9,"minecraft:cherry_log":72,"minecraft:cobblestone_stairs":21,"minecraft:glow_lichen":1,"minecraft:ladder":1,"minecraft:grass_block":164,"minecraft:birch_slab":12,"minecraft:glowstone":48,"minecraft:furnace":6,"minecraft:fire":2,"minecraft:iron_ore":34,"minecraft:cobbled_deepslate":25,"minecraft:pointed_dripstone":31,"minecraft:deepslate_iron_ore":8,"minecraft:cut_copper":19,"minecraft:stone":516,"minecraft:bone_block":15,"minecraft:oak_slab":5,"minecraft:quartz_block":4,"minecraft:cherry_planks":38,"minecraft:soul_sand":24,"minecraft:powder_snow":17,"minecraft:dandelion":2,"minecraft:crafting_table":18,"minecraft:torch":22,"minecraft:short_grass":63,"minecraft:nether_quartz_ore":77,"minecraft:tall_grass":7,"minecraft:copper_ore":124,"minecraft:cobblestone":72,"minecraft:deepslate_gold_ore":5,"minecraft:oak_planks":91,"minecraft:diorite":3,"minecraft:wall_torch":21,"minecraft:amethyst_block":28,"minecraft:pink_petals":2,"minecraft:birch_planks":7,"minecraft:cobblestone_wall":17,"minecraft:birch_log":37,"minecraft:wheat":2,"minecraft:birch_leaves":7,"minecraft:cherry_door":1,"minecraft:oak_log":153,"minecraft:coal_ore":192,"minecraft:cherry_leaves":25,"minecraft:gravel":18,"minecraft:dripstone_block":6,"minecraft:dirt":353,"minecraft:stone_bricks":10,"minecraft:netherrack":81,"minecraft:oak_leaves":27,"minecraft:deepslate":33},"minecraft:picked_up":{"minecraft:charcoal":58,"minecraft:crafting_table":20,"minecraft:wheat":1,"minecraft:ladder":11,"minecraft:golden_sword":1,"minecraft:amethyst_block":46,"minecraft:string":3,"minecraft:raw_copper":696,"minecraft:wooden_sword":2,"minecraft:gold_nugget":61,"minecraft:cobbled_deepslate":57,"minecraft:beef":20,"minecraft:calcite":6,"minecraft:iron_pickaxe":3,"minecraft:birch_sapling":1,"minecraft:furnace":6,"minecraft:stick":32,"minecraft:raw_iron":65,"minecraft:stone":24,"minecraft:oak_door":11,"minecraft:torch":53,"minecraft:porkchop":9,"minecraft:cherry_log":70,"minecraft:pointed_dripstone":108,"minecraft:diorite":3,"minecraft:quartz_block":4,"minecraft:stone_sword":3,"minecraft:arrow":25,"minecraft:rotten_flesh":26,"minecraft:stone_shovel":1,"minecraft:shears":1,"minecraft:cut_copper":20,"minecraft:cod":4,"minecraft:white_wool":6,"minecraft:bone_block":15,"minecraft:cobblestone":640,"minecraft:birch_log":42,"minecraft:pink_petals":6,"minecraft:salmon":1,"minecraft:cherry_planks":38,"minecraft:birch_slab":13,"minecraft:leather":12,"minecraft:potato":1,"minecraft:birch_planks":7,"minecraft:flint":6,"minecraft:tuff":2,"minecraft:oak_log":158,"minecraft:cobblestone_wall":22,"minecraft:gunpowder":1,"minecraft:cobblestone_stairs":21,"minecraft:cherry_door":2,"minecraft:dirt":535,"minecraft:bone":16,"minecraft:apple":1,"minecraft:stone_bricks":10,"minecraft:bow":3,"minecraft:wheat_seeds":26,"minecraft:raw_gold":5,"minecraft:glowstone_dust":123,"minecraft:oak_planks":149,"minecraft:soul_sand":24,"minecraft:oak_slab":6,"minecraft:smooth_basalt":10,"minecraft:quartz":75,"minecraft:dandelion":4,"minecraft:spyglass":1,"minecraft:dripstone_block":9,"minecraft:gravel":151,"minecraft:white_bed":3,"minecraft:stone_axe":3,"minecraft:cherry_sapling":27,"minecraft:bread":1,"minecraft:oak_sapling":5,"minecraft:netherrack":77,"minecraft:coal":264,"minecraft:ender_pearl":1},"minecraft:used":{"minecraft:oak_fence":6,"minecraft:stone_sword":387,"minecraft:stone_shovel":525,"minecraft:ladder":22,"minecraft:chest":8,"minecraft:cooked_salmon":1,"minecraft:netherrack":49,"minecraft:oak_door":12,"minecraft:torch":229,"minecraft:soul_sand":20,"minecraft:dirt":288,"minecraft:spyglass":17,"minecraft:cut_copper":20,"minecraft:cobblestone_wall":64,"minecraft:wooden_axe":13,"minecraft:birch_sapling":1,"minecraft:quartz_block":20,"minecraft:stone_brick_stairs":12,"minecraft:stone_bricks":104,"minecraft:golden_sword":3,"minecraft:glowstone":20,"minecraft:bow":26,"minecraft:cooked_cod":1,"minecraft:oak_sapling":5,"minecraft:furnace":8,"minecraft:potato":8,"minecraft:cooked_beef":20,"minecraft:cobbled_deepslate":47,"minecraft:wheat_seeds":2,"minecraft:water_bucket":21,"minecraft:amethyst_block":27,"minecraft:cobblestone_stairs":35,"minecraft:birch_planks":13,"minecraft:oak_planks":130,"minecraft:stone_pickaxe":1427,"minecraft:wooden_pickaxe":17,"minecraft:cherry_planks":304,"minecraft:oak_slab":122,"minecraft:crafting_table":21,"minecraft:white_bed":5,"minecraft:apple":3,"minecraft:bread":1,"minecraft:cherry_door":3,"minecraft:birch_slab":126,"minecraft:iron_pickaxe":5,"minecraft:gravel":4,"minecraft:stone_axe":468,"minecraft:pink_petals":6,"minecraft:fishing_rod":22,"minecraft:wooden_sword":75,"minecraft:cobblestone":283,"minecraft:cooked_porkchop":7,"minecraft:bucket":21}},"DataVersion":3953}