{"stats":{"minecraft:crafted":{"minecraft:cooked_beef":4,"minecraft:wooden_sword":1,"minecraft:oak_door":3,"minecraft:oak_planks":184,"minecraft:stone_shovel":1,"minecraft:crafting_table":2,"minecraft:wooden_pickaxe":1,"minecraft:furnace":1,"minecraft:cobblestone_stairs":16,"minecraft:stone_axe":1,"minecraft:charcoal":2,"minecraft:ladder":12,"minecraft:stick":60,"minecraft:stone_pickaxe":2,"minecraft:wooden_axe":1,"minecraft:cobblestone_wall":36,"minecraft:stone_sword":1,"minecraft:chest":4,"minecraft:torch":22,"minecraft:stone_hoe":1},"minecraft:picked_up":{"minecraft:birch_log":5,"minecraft:crafting_table":3,"minecraft:ladder":6,"minecraft:leather":2,"minecraft:oak_log":52,"minecraft:cobblestone_wall":16,"minecraft:cobblestone_stairs":18,"minecraft:dirt":66,"minecraft:apple":1,"minecraft:wheat_seeds":4,"minecraft:beef":4,"minecraft:iron_pickaxe":1,"minecraft:birch_sapling":1,"minecraft:oak_planks":70,"minecraft:stick":2,"minecraft:oak_door":4,"minecraft:torch":10,"minecraft:dandelion":1,"minecraft:porkchop":5,"minecraft:rotten_flesh":2,"minecraft:oak_sapling":5,"minecraft:coal":39,"minecraft:cobblestone":188},"minecraft:custom":{"minecraft:interact_with_furnace":22,"minecraft:mob_kills":5,"minecraft:interact_with_crafting_table":47,"minecraft:open_barrel":12,"minecraft:time_since_death":95856,"minecraft:climb_one_cm":12278,"minecraft:time_since_rest":95856,"minecraft:sprint_one_cm":101107,"minecraft:damage_taken":475,"minecraft:walk_one_cm":363998,"minecraft:drop":4,"minecraft:damage_dealt":958,"minecraft:fly_one_cm":19525,"minecraft:open_chest":12,"minecraft:crouch_one_cm":5490,"minecraft:play_time":95856,"minecraft:sneak_time":2160,"minecraft:jump":889,"minecraft:total_world_time":95856,"minecraft:fall_one_cm":10317},"minecraft:dropped":{"minecraft:stone_hoe":1,"minecraft:rotten_flesh":2,"minecraft:torch":1,"minecraft:wooden_pickaxe":1},"minecraft:broken":{"minecraft:stone_pickaxe":1,"minecraft:wooden_sword":1},"minecraft:used":{"minecraft:stone_sword":41,"minecraft:cobblestone_stairs":30,"minecraft:stone_pickaxe":255,"minecraft:stone_shovel":66,"minecraft:ladder":13,"minecraft:oak_planks":123,"minecraft:chest":4,"minecraft:wooden_pickaxe":16,"minecraft:oak_door":6,"minecraft:torch":31,"minecraft:dirt":17,"minecraft:crafting_table":4,"minecraft:cobblestone_wall":48,"minecraft:wooden_axe":13,"minecraft:apple":1,"minecraft:birch_sapling":1,"minecraft:stone_axe":121,"minecraft:wooden_sword":75,"minecraft:cobblestone":91,"minecraft:oak_sapling":5,"minecraft:furnace":1,"minecraft:cooked_beef":3},"minecraft:killed":{"minecraft:pig":2,"minecraft:zombie":1,"minecraft:cow":2},"minecraft:mined":{"minecraft:oak_door":3,"minecraft:cobblestone_stairs":20,"minecraft:dandelion":2,"minecraft:crafting_table":3,"minecraft:torch":2,"minecraft:grass_block":47,"minecraft:tall_grass":4,"minecraft:cobblestone":12,"minecraft:oak_planks":70,"minecraft:wall_torch":7,"minecraft:cobblestone_wall":17,"minecraft:birch_log":5,"minecraft:birch_leaves":2,"minecraft:grass":46,"minecraft:oak_log":53,"minecraft:coal_ore":39,"minecraft:dirt":18,"minecraft:stone":183,"minecraft:oak_leaves":10}},"DataVersion":3465}