{"stats":{"minecraft:crafted":{"minecraft:wooden_sword":1,"minecraft:oak_planks":48,"minecraft:crafting_table":2,"minecraft:spruce_planks":32,"minecraft:stick":12,"minecraft:wooden_pickaxe":2,"minecraft:stone_pickaxe":1,"minecraft:torch":16},"minecraft:picked_up":{"minecraft:stick":2,"minecraft:oak_log":12,"minecraft:spruce_sapling":2,"minecraft:spruce_log":8,"minecraft:dirt":8,"minecraft:raw_copper":27,"minecraft:mutton":2,"minecraft:coal":32,"minecraft:white_wool":1,"minecraft:cobblestone":28},"minecraft:custom":{"minecraft:time_since_rest":8324,"minecraft:sprint_one_cm":40002,"minecraft:damage_taken":240,"minecraft:walk_one_cm":35361,"minecraft:mob_kills":1,"minecraft:damage_dealt":80,"minecraft:interact_with_crafting_table":5,"minecraft:fly_one_cm":8697,"minecraft:crouch_one_cm":1612,"minecraft:play_time":12714,"minecraft:deaths":1,"minecraft:sneak_time":669,"minecraft:jump":118,"minecraft:time_since_death":8294,"minecraft:walk_on_water_one_cm":736,"minecraft:total_world_time":12714,"minecraft:fall_one_cm":1105},"minecraft:killed_by":{"minecraft:skeleton":1},"minecraft:used":{"minecraft:stone_pickaxe":66,"minecraft:wooden_pickaxe":3,"minecraft:torch":9,"minecraft:dirt":8,"minecraft:cobblestone":1,"minecraft:crafting_table":2},"minecraft:mined":{"minecraft:fire":1,"minecraft:spruce_log":8,"minecraft:oak_log":12,"minecraft:grass_block":8,"minecraft:coal_ore":32,"minecraft:copper_ore":9,"minecraft:stone":28,"minecraft:oak_leaves":3},"minecraft:killed":{"minecraft:sheep":1}},"DataVersion":3465}