{"stats":{"minecraft:picked_up":{"minecraft:crafting_table":3,"minecraft:wheat":203,"minecraft:ladder":9,"minecraft:stone_brick_wall":5,"minecraft:amethyst_block":18,"minecraft:string":2,"minecraft:raw_copper":807,"minecraft:wooden_sword":1,"minecraft:cobbled_deepslate":141,"minecraft:gold_nugget":56,"minecraft:smooth_stone":5,"minecraft:beef":40,"minecraft:calcite":6,"minecraft:iron_pickaxe":2,"minecraft:phantom_membrane":2,"minecraft:egg":1,"minecraft:stick":22,"minecraft:raw_iron":98,"minecraft:oak_door":6,"minecraft:torch":14,"minecraft:spruce_fence":1,"minecraft:porkchop":3,"minecraft:cut_copper_stairs":1,"minecraft:cherry_log":19,"minecraft:pointed_dripstone":6,"minecraft:diorite":14,"minecraft:stone_sword":1,"minecraft:arrow":16,"minecraft:rotten_flesh":18,"minecraft:cut_copper":1,"minecraft:hay_block":8,"minecraft:obsidian":5,"minecraft:mutton":2,"minecraft:white_wool":5,"minecraft:cobblestone":224,"minecraft:oxeye_daisy":1,"minecraft:cooked_beef":5,"minecraft:glow_ink_sac":32,"minecraft:andesite":4,"minecraft:leather":22,"minecraft:potato":22,"minecraft:birch_planks":4,"minecraft:flint":1,"minecraft:tuff":21,"minecraft:oak_log":16,"minecraft:cobblestone_wall":28,"minecraft:gunpowder":2,"minecraft:cobblestone_stairs":12,"minecraft:lapis_lazuli":6,"minecraft:cherry_door":4,"minecraft:dirt":122,"minecraft:bone":11,"minecraft:apple":2,"minecraft:stone_bricks":3,"minecraft:bow":2,"minecraft:wheat_seeds":500,"minecraft:iron_ingot":3,"minecraft:oak_planks":18,"minecraft:soul_sand":5,"minecraft:smooth_basalt":10,"minecraft:quartz":20,"minecraft:dandelion":5,"minecraft:dripstone_block":11,"minecraft:gravel":8,"minecraft:amethyst_shard":4,"minecraft:spruce_sapling":3,"minecraft:spruce_log":16,"minecraft:spider_eye":1,"minecraft:diamond":5,"minecraft:stone_axe":2,"minecraft:copper_grate":4,"minecraft:granite":9,"minecraft:bone_meal":7,"minecraft:cherry_sapling":14,"minecraft:oak_sapling":10,"minecraft:netherrack":149,"minecraft:coal":99},"minecraft:crafted":{"minecraft:cherry_planks":60,"minecraft:wooden_sword":1,"minecraft:smooth_stone":19,"minecraft:oak_planks":64,"minecraft:smooth_stone_slab":6,"minecraft:cherry_wood":3,"minecraft:cherry_slab":12,"minecraft:cut_copper_stairs":16,"minecraft:furnace":2,"minecraft:stone":64,"minecraft:spruce_fence":24,"minecraft:iron_boots":1,"minecraft:iron_axe":1,"minecraft:ladder":12,"minecraft:cherry_stairs":4,"minecraft:stone_pickaxe":2,"minecraft:copper_block":99,"minecraft:cooked_beef":35,"minecraft:crafting_table":5,"minecraft:spruce_planks":64,"minecraft:wooden_pickaxe":2,"minecraft:iron_helmet":1,"minecraft:iron_sword":1,"minecraft:copper_ingot":812,"minecraft:bucket":1,"minecraft:stone_axe":1,"minecraft:air":0,"minecraft:bread":30,"minecraft:cut_copper":40,"minecraft:copper_grate":48,"minecraft:iron_chestplate":1,"minecraft:wooden_hoe":1,"minecraft:diamond_pickaxe":1,"minecraft:charcoal":10,"minecraft:shield":1,"minecraft:stick":76,"minecraft:iron_ingot":70,"minecraft:iron_pickaxe":3,"minecraft:cherry_door":3,"minecraft:stonecutter":1,"minecraft:white_bed":1,"minecraft:composter":1,"minecraft:torch":56,"minecraft:spruce_fence_gate":1,"minecraft:shears":1},"minecraft:used":{"minecraft:cherry_sapling":14,"minecraft:cherry_wood":3,"minecraft:ladder":21,"minecraft:spruce_planks":1,"minecraft:shield":60,"minecraft:iron_sword":97,"minecraft:netherrack":30,"minecraft:cut_copper_stairs":14,"minecraft:oak_door":3,"minecraft:torch":70,"minecraft:soul_sand":5,"minecraft:dirt":136,"minecraft:spyglass":60,"minecraft:cut_copper":23,"minecraft:cobblestone_wall":27,"minecraft:tuff":3,"minecraft:spruce_fence":25,"minecraft:warden_spawn_egg":1,"minecraft:iron_axe":87,"minecraft:oak_sapling":5,"minecraft:furnace":2,"minecraft:egg":1,"minecraft:potato":7,"minecraft:cooked_beef":17,"minecraft:cobbled_deepslate":4,"minecraft:wheat_seeds":370,"minecraft:water_bucket":6,"minecraft:diorite":14,"minecraft:oak_planks":1,"minecraft:stone_pickaxe":262,"minecraft:wooden_pickaxe":26,"minecraft:composter":1,"minecraft:copper_block":2,"minecraft:cherry_planks":15,"minecraft:spruce_fence_gate":1,"minecraft:stonecutter":1,"minecraft:crafting_table":7,"minecraft:white_bed":1,"minecraft:stone_brick_wall":18,"minecraft:wooden_hoe":1,"minecraft:diamond_pickaxe":164,"minecraft:apple":2,"minecraft:iron_pickaxe":740,"minecraft:cherry_door":7,"minecraft:bread":15,"minecraft:copper_grate":84,"minecraft:gravel":2,"minecraft:stone_axe":2,"minecraft:cherry_stairs":4,"minecraft:cobblestone":69,"minecraft:bucket":7,"minecraft:bone_meal":7,"minecraft:smooth_stone":21},"minecraft:dropped":{"minecraft:iron_ingot":55,"minecraft:bread":10,"minecraft:wheat_seeds":124,"minecraft:amethyst_block":18,"minecraft:oxeye_daisy":1,"minecraft:wooden_sword":1,"minecraft:iron_pickaxe":3,"minecraft:dandelion":5,"minecraft:smooth_basalt":10,"minecraft:oak_door":3,"minecraft:stone_axe":2,"minecraft:stone_sword":1,"minecraft:cobbled_deepslate":2,"minecraft:tuff":1,"minecraft:wheat":30,"minecraft:raw_iron":14,"minecraft:shears":1,"minecraft:bow":2,"minecraft:arrow":5,"minecraft:calcite":6},"minecraft:mined":{"minecraft:nether_gold_ore":16,"minecraft:tuff":21,"minecraft:white_bed":1,"minecraft:deepslate_diamond_ore":5,"minecraft:oak_door":4,"minecraft:sculk_vein":53,"minecraft:cherry_log":19,"minecraft:cobblestone_stairs":12,"minecraft:cherry_sapling":2,"minecraft:obsidian":5,"minecraft:ladder":1,"minecraft:granite":9,"minecraft:stone_brick_wall":5,"minecraft:grass_block":34,"minecraft:spruce_leaves":16,"minecraft:hay_block":8,"minecraft:smooth_stone":5,"minecraft:sculk_catalyst":1,"minecraft:iron_ore":41,"minecraft:fire":1,"minecraft:andesite":4,"minecraft:sculk_shrieker":1,"minecraft:potatoes":6,"minecraft:pointed_dripstone":5,"minecraft:deepslate_iron_ore":57,"minecraft:cut_copper":3,"minecraft:stone":205,"minecraft:cherry_planks":1,"minecraft:soul_sand":5,"minecraft:cut_copper_stairs":1,"minecraft:soul_fire":3,"minecraft:amethyst_cluster":1,"minecraft:copper_grate":4,"minecraft:crafting_table":2,"minecraft:torch":4,"minecraft:short_grass":3,"minecraft:calcite":6,"minecraft:sculk_sensor":3,"minecraft:nether_quartz_ore":20,"minecraft:copper_ore":243,"minecraft:cobblestone":15,"minecraft:lapis_ore":1,"minecraft:oak_planks":19,"minecraft:sculk":52,"minecraft:diorite":11,"minecraft:wall_torch":2,"minecraft:amethyst_block":18,"minecraft:birch_planks":4,"minecraft:cobblestone_wall":28,"minecraft:wheat":192,"minecraft:spruce_log":16,"minecraft:cherry_door":2,"minecraft:oak_log":12,"minecraft:coal_ore":99,"minecraft:cherry_leaves":34,"minecraft:gravel":9,"minecraft:dripstone_block":10,"minecraft:dirt":26,"minecraft:smooth_basalt":10,"minecraft:stone_bricks":3,"minecraft:netherrack":149,"minecraft:oak_leaves":4,"minecraft:deepslate":137},"minecraft:broken":{"minecraft:stone_pickaxe":2,"minecraft:iron_pickaxe":2},"minecraft:killed_by":{"minecraft:player":1,"minecraft:warden":7,"minecraft:cave_spider":1,"minecraft:skeleton":1,"minecraft:blaze":1},"minecraft:custom":{"minecraft:mob_kills":51,"minecraft:animals_bred":32,"minecraft:interact_with_crafting_table":61,"minecraft:open_barrel":106,"minecraft:interact_with_campfire":5,"minecraft:leave_game":2,"minecraft:time_since_death":108728,"minecraft:climb_one_cm":33216,"minecraft:sprint_one_cm":980378,"minecraft:walk_one_cm":1265296,"minecraft:damage_blocked_by_shield":1702,"minecraft:drop":43,"minecraft:talked_to_villager":1,"minecraft:play_time":369418,"minecraft:sneak_time":19483,"minecraft:deaths":13,"minecraft:walk_under_water_one_cm":32064,"minecraft:jump":3326,"minecraft:walk_on_water_one_cm":34456,"minecraft:total_world_time":369418,"minecraft:interact_with_furnace":143,"minecraft:interact_with_stonecutter":7,"minecraft:sleep_in_bed":5,"minecraft:time_since_rest":6696,"minecraft:damage_taken":4734,"minecraft:damage_dealt":10276,"minecraft:player_kills":3,"minecraft:swim_one_cm":21560,"minecraft:fly_one_cm":293471,"minecraft:open_chest":34,"minecraft:crouch_one_cm":55929,"minecraft:fall_one_cm":58477},"minecraft:killed":{"minecraft:cave_spider":1,"minecraft:witch":1,"minecraft:spider":1,"minecraft:phantom":3,"minecraft:skeleton":10,"minecraft:piglin":1,"minecraft:pig":1,"minecraft:sheep":1,"minecraft:zombie":12,"minecraft:cow":17}},"DataVersion":3953}