{"stats":{"minecraft:crafted":{"minecraft:cooked_beef":4,"minecraft:cherry_planks":28,"minecraft:wooden_sword":1,"minecraft:oak_planks":48,"minecraft:cherry_wood":3,"minecraft:crafting_table":3,"minecraft:cherry_slab":12,"minecraft:spruce_planks":64,"minecraft:cut_copper_stairs":12,"minecraft:iron_helmet":1,"minecraft:wooden_pickaxe":2,"minecraft:iron_sword":1,"minecraft:furnace":2,"minecraft:copper_ingot":432,"minecraft:spruce_fence":24,"minecraft:stone_axe":1,"minecraft:bread":2,"minecraft:air":0,"minecraft:cut_copper":40,"minecraft:iron_chestplate":1,"minecraft:iron_boots":1,"minecraft:wooden_hoe":1,"minecraft:shield":1,"minecraft:stick":36,"minecraft:iron_ingot":12,"minecraft:iron_pickaxe":2,"minecraft:stone_pickaxe":2,"minecraft:cherry_door":3,"minecraft:copper_block":43,"minecraft:composter":1,"minecraft:spruce_fence_gate":1,"minecraft:torch":20},"minecraft:picked_up":{"minecraft:crafting_table":1,"minecraft:wheat":63,"minecraft:cooked_beef":5,"minecraft:andesite":4,"minecraft:leather":7,"minecraft:flint":1,"minecraft:oak_log":16,"minecraft:cobblestone_stairs":12,"minecraft:cherry_door":4,"minecraft:dirt":18,"minecraft:raw_copper":807,"minecraft:wooden_sword":1,"minecraft:bone":4,"minecraft:bow":1,"minecraft:wheat_seeds":107,"minecraft:iron_ingot":2,"minecraft:beef":9,"minecraft:egg":1,"minecraft:stick":14,"minecraft:raw_iron":35,"minecraft:oak_door":6,"minecraft:torch":8,"minecraft:gravel":1,"minecraft:cut_copper_stairs":1,"minecraft:dripstone_block":10,"minecraft:cherry_log":11,"minecraft:spruce_sapling":3,"minecraft:diorite":14,"minecraft:pointed_dripstone":6,"minecraft:spruce_log":16,"minecraft:spider_eye":1,"minecraft:stone_sword":1,"minecraft:arrow":5,"minecraft:rotten_flesh":2,"minecraft:stone_axe":2,"minecraft:granite":9,"minecraft:cherry_sapling":10,"minecraft:mutton":2,"minecraft:coal":70,"minecraft:white_wool":1,"minecraft:cobblestone":179},"minecraft:custom":{"minecraft:interact_with_furnace":50,"minecraft:mob_kills":8,"minecraft:animals_bred":7,"minecraft:interact_with_crafting_table":26,"minecraft:open_barrel":42,"minecraft:interact_with_campfire":5,"minecraft:time_since_death":170294,"minecraft:climb_one_cm":918,"minecraft:time_since_rest":170324,"minecraft:sprint_one_cm":270350,"minecraft:damage_taken":333,"minecraft:walk_one_cm":464374,"minecraft:damage_blocked_by_shield":130,"minecraft:drop":9,"minecraft:damage_dealt":990,"minecraft:fly_one_cm":88092,"minecraft:open_chest":7,"minecraft:crouch_one_cm":5900,"minecraft:play_time":174714,"minecraft:deaths":1,"minecraft:sneak_time":3408,"minecraft:walk_under_water_one_cm":445,"minecraft:jump":1147,"minecraft:walk_on_water_one_cm":2301,"minecraft:total_world_time":174714,"minecraft:fall_one_cm":13176},"minecraft:dropped":{"minecraft:oak_door":3,"minecraft:iron_ingot":4,"minecraft:stone_axe":1,"minecraft:wheat":30},"minecraft:broken":{"minecraft:stone_pickaxe":2,"minecraft:iron_pickaxe":1},"minecraft:killed_by":{"minecraft:skeleton":1},"minecraft:used":{"minecraft:wheat_seeds":98,"minecraft:cherry_sapling":10,"minecraft:cherry_wood":3,"minecraft:stone_pickaxe":262,"minecraft:copper_block":2,"minecraft:shield":5,"minecraft:wooden_pickaxe":26,"minecraft:iron_sword":12,"minecraft:composter":1,"minecraft:spruce_fence_gate":1,"minecraft:cut_copper_stairs":13,"minecraft:oak_door":3,"minecraft:torch":28,"minecraft:dirt":18,"minecraft:spyglass":1,"minecraft:cut_copper":22,"minecraft:crafting_table":3,"minecraft:spruce_fence":24,"minecraft:wooden_hoe":1,"minecraft:cherry_door":7,"minecraft:bread":2,"minecraft:iron_pickaxe":287,"minecraft:stone_axe":2,"minecraft:cobblestone":24,"minecraft:furnace":2,"minecraft:egg":1,"minecraft:cooked_beef":4},"minecraft:killed":{"minecraft:spider":1,"minecraft:skeleton":1,"minecraft:sheep":1,"minecraft:cow":5},"minecraft:mined":{"minecraft:cut_copper_stairs":1,"minecraft:oak_door":4,"minecraft:cobblestone_stairs":12,"minecraft:cherry_log":11,"minecraft:cherry_sapling":2,"minecraft:torch":3,"minecraft:granite":9,"minecraft:grass_block":10,"minecraft:copper_ore":243,"minecraft:cobblestone":15,"minecraft:spruce_leaves":16,"minecraft:diorite":11,"minecraft:wall_torch":2,"minecraft:iron_ore":35,"minecraft:fire":1,"minecraft:wheat":48,"minecraft:andesite":4,"minecraft:spruce_log":16,"minecraft:cherry_door":2,"minecraft:grass":2,"minecraft:pointed_dripstone":5,"minecraft:coal_ore":70,"minecraft:oak_log":12,"minecraft:cherry_leaves":21,"minecraft:gravel":2,"minecraft:dripstone_block":10,"minecraft:dirt":8,"minecraft:stone":160,"minecraft:oak_leaves":3}},"DataVersion":3465}