{"stats":{"minecraft:crafted":{"minecraft:wooden_sword":1,"minecraft:oak_planks":48,"minecraft:crafting_table":2,"minecraft:spruce_planks":32,"minecraft:stick":16,"minecraft:wooden_pickaxe":2,"minecraft:stone_pickaxe":2,"minecraft:torch":16},"minecraft:picked_up":{"minecraft:stick":2,"minecraft:oak_log":12,"minecraft:spruce_sapling":2,"minecraft:spruce_log":8,"minecraft:dirt":9,"minecraft:raw_copper":167,"minecraft:mutton":2,"minecraft:coal":45,"minecraft:white_wool":1,"minecraft:cobblestone":58},"minecraft:custom":{"minecraft:time_since_rest":68324,"minecraft:sprint_one_cm":49083,"minecraft:damage_taken":240,"minecraft:walk_one_cm":50232,"minecraft:mob_kills":1,"minecraft:damage_dealt":80,"minecraft:interact_with_crafting_table":7,"minecraft:fly_one_cm":10765,"minecraft:crouch_one_cm":1982,"minecraft:play_time":72714,"minecraft:deaths":1,"minecraft:sneak_time":1275,"minecraft:walk_under_water_one_cm":301,"minecraft:jump":215,"minecraft:time_since_death":68294,"minecraft:walk_on_water_one_cm":831,"minecraft:total_world_time":72714,"minecraft:fall_one_cm":1643},"minecraft:broken":{"minecraft:stone_pickaxe":1},"minecraft:killed_by":{"minecraft:skeleton":1},"minecraft:used":{"minecraft:stone_pickaxe":132,"minecraft:wooden_pickaxe":26,"minecraft:torch":14,"minecraft:dirt":8,"minecraft:cobblestone":12,"minecraft:crafting_table":2},"minecraft:mined":{"minecraft:fire":1,"minecraft:spruce_log":8,"minecraft:oak_log":12,"minecraft:grass_block":8,"minecraft:coal_ore":45,"minecraft:dirt":1,"minecraft:copper_ore":54,"minecraft:stone":59,"minecraft:oak_leaves":3},"minecraft:killed":{"minecraft:sheep":1}},"DataVersion":3465}