{"stats":{"minecraft:crafted":{"minecraft:cooked_beef":4,"minecraft:cherry_planks":28,"minecraft:wooden_sword":1,"minecraft:oak_planks":48,"minecraft:cherry_wood":3,"minecraft:crafting_table":3,"minecraft:cherry_slab":12,"minecraft:spruce_planks":64,"minecraft:cut_copper_stairs":12,"minecraft:iron_helmet":1,"minecraft:wooden_pickaxe":2,"minecraft:iron_sword":1,"minecraft:furnace":2,"minecraft:copper_ingot":432,"minecraft:spruce_fence":24,"minecraft:stone_axe":1,"minecraft:bread":3,"minecraft:air":0,"minecraft:cut_copper":40,"minecraft:charcoal":10,"minecraft:iron_chestplate":1,"minecraft:iron_boots":1,"minecraft:wooden_hoe":1,"minecraft:shield":1,"minecraft:stick":36,"minecraft:iron_ingot":12,"minecraft:iron_pickaxe":2,"minecraft:stone_pickaxe":2,"minecraft:cherry_door":3,"minecraft:copper_block":43,"minecraft:composter":1,"minecraft:spruce_fence_gate":1,"minecraft:torch":56},"minecraft:picked_up":{"minecraft:crafting_table":1,"minecraft:wheat":68,"minecraft:cooked_beef":5,"minecraft:andesite":4,"minecraft:leather":7,"minecraft:flint":1,"minecraft:oak_log":16,"minecraft:cobblestone_stairs":12,"minecraft:cherry_door":4,"minecraft:dirt":36,"minecraft:raw_copper":807,"minecraft:wooden_sword":1,"minecraft:bone":4,"minecraft:apple":2,"minecraft:bow":2,"minecraft:wheat_seeds":118,"minecraft:cobbled_deepslate":10,"minecraft:iron_ingot":2,"minecraft:beef":9,"minecraft:phantom_membrane":2,"minecraft:egg":1,"minecraft:stick":19,"minecraft:raw_iron":45,"minecraft:oak_door":6,"minecraft:torch":9,"minecraft:gravel":2,"minecraft:cut_copper_stairs":1,"minecraft:dripstone_block":10,"minecraft:cherry_log":11,"minecraft:spruce_sapling":3,"minecraft:diorite":14,"minecraft:pointed_dripstone":6,"minecraft:spruce_log":16,"minecraft:spider_eye":1,"minecraft:diamond":5,"minecraft:stone_sword":1,"minecraft:arrow":5,"minecraft:rotten_flesh":2,"minecraft:stone_axe":2,"minecraft:granite":9,"minecraft:cherry_sapling":10,"minecraft:oak_sapling":10,"minecraft:mutton":2,"minecraft:coal":70,"minecraft:white_wool":1,"minecraft:cobblestone":179},"minecraft:custom":{"minecraft:interact_with_furnace":53,"minecraft:mob_kills":12,"minecraft:animals_bred":12,"minecraft:interact_with_crafting_table":27,"minecraft:open_barrel":51,"minecraft:interact_with_campfire":5,"minecraft:time_since_death":182294,"minecraft:climb_one_cm":918,"minecraft:time_since_rest":182324,"minecraft:sprint_one_cm":319931,"minecraft:damage_taken":499,"minecraft:walk_one_cm":546629,"minecraft:damage_blocked_by_shield":310,"minecraft:drop":18,"minecraft:damage_dealt":2007,"minecraft:fly_one_cm":102563,"minecraft:open_chest":7,"minecraft:crouch_one_cm":6028,"minecraft:play_time":186714,"minecraft:deaths":1,"minecraft:sneak_time":3433,"minecraft:walk_under_water_one_cm":1539,"minecraft:jump":1298,"minecraft:walk_on_water_one_cm":3590,"minecraft:total_world_time":186714,"minecraft:fall_one_cm":15496},"minecraft:dropped":{"minecraft:oak_door":3,"minecraft:iron_ingot":4,"minecraft:stone_axe":2,"minecraft:wheat_seeds":15,"minecraft:stone_sword":1,"minecraft:wheat":30,"minecraft:raw_iron":14,"minecraft:wooden_sword":1,"minecraft:bow":2,"minecraft:arrow":5,"minecraft:bread":1},"minecraft:broken":{"minecraft:stone_pickaxe":2,"minecraft:iron_pickaxe":1},"minecraft:killed_by":{"minecraft:skeleton":1},"minecraft:used":{"minecraft:wheat_seeds":103,"minecraft:cherry_sapling":10,"minecraft:diorite":14,"minecraft:cherry_wood":3,"minecraft:stone_pickaxe":262,"minecraft:copper_block":2,"minecraft:shield":13,"minecraft:wooden_pickaxe":26,"minecraft:iron_sword":29,"minecraft:composter":1,"minecraft:spruce_fence_gate":1,"minecraft:cut_copper_stairs":13,"minecraft:oak_door":3,"minecraft:torch":47,"minecraft:dirt":36,"minecraft:spyglass":1,"minecraft:cut_copper":22,"minecraft:crafting_table":3,"minecraft:spruce_fence":24,"minecraft:wooden_hoe":1,"minecraft:cherry_door":7,"minecraft:bread":2,"minecraft:iron_pickaxe":312,"minecraft:gravel":2,"minecraft:stone_axe":2,"minecraft:cobblestone":24,"minecraft:oak_sapling":5,"minecraft:furnace":2,"minecraft:egg":1,"minecraft:cooked_beef":6},"minecraft:killed":{"minecraft:spider":1,"minecraft:phantom":3,"minecraft:skeleton":1,"minecraft:sheep":1,"minecraft:zombie":1,"minecraft:cow":5},"minecraft:mined":{"minecraft:cut_copper_stairs":1,"minecraft:deepslate_diamond_ore":5,"minecraft:oak_door":4,"minecraft:cobblestone_stairs":12,"minecraft:cherry_log":11,"minecraft:cherry_sapling":2,"minecraft:torch":3,"minecraft:granite":9,"minecraft:grass_block":10,"minecraft:copper_ore":243,"minecraft:cobblestone":15,"minecraft:spruce_leaves":16,"minecraft:diorite":11,"minecraft:wall_torch":2,"minecraft:iron_ore":35,"minecraft:fire":1,"minecraft:wheat":53,"minecraft:andesite":4,"minecraft:spruce_log":16,"minecraft:cherry_door":2,"minecraft:deepslate_iron_ore":10,"minecraft:grass":2,"minecraft:pointed_dripstone":5,"minecraft:coal_ore":70,"minecraft:oak_log":12,"minecraft:cherry_leaves":21,"minecraft:gravel":3,"minecraft:dripstone_block":10,"minecraft:dirt":8,"minecraft:stone":160,"minecraft:deepslate":10,"minecraft:oak_leaves":3}},"DataVersion":3465}