{"stats":{"minecraft:custom":{"minecraft:mob_kills":34,"minecraft:animals_bred":21,"minecraft:interact_with_crafting_table":38,"minecraft:open_barrel":77,"minecraft:interact_with_campfire":5,"minecraft:leave_game":1,"minecraft:time_since_death":6476,"minecraft:climb_one_cm":918,"minecraft:sprint_one_cm":688677,"minecraft:walk_one_cm":881576,"minecraft:damage_blocked_by_shield":1360,"minecraft:drop":26,"minecraft:play_time":267166,"minecraft:sneak_time":10950,"minecraft:deaths":13,"minecraft:walk_under_water_one_cm":18397,"minecraft:jump":2276,"minecraft:walk_on_water_one_cm":25035,"minecraft:total_world_time":267166,"minecraft:interact_with_furnace":66,"minecraft:sleep_in_bed":3,"minecraft:time_since_rest":1607,"minecraft:damage_taken":4173,"minecraft:damage_dealt":7225,"minecraft:player_kills":2,"minecraft:swim_one_cm":7610,"minecraft:fly_one_cm":200615,"minecraft:open_chest":14,"minecraft:crouch_one_cm":26104,"minecraft:fall_one_cm":40080},"minecraft:crafted":{"minecraft:cherry_planks":60,"minecraft:wooden_sword":1,"minecraft:oak_planks":64,"minecraft:cherry_wood":3,"minecraft:cherry_slab":12,"minecraft:cut_copper_stairs":12,"minecraft:furnace":2,"minecraft:spruce_fence":24,"minecraft:iron_boots":1,"minecraft:iron_axe":1,"minecraft:stone_pickaxe":2,"minecraft:copper_block":43,"minecraft:cooked_beef":4,"minecraft:crafting_table":3,"minecraft:spruce_planks":64,"minecraft:wooden_pickaxe":2,"minecraft:iron_helmet":1,"minecraft:iron_sword":1,"minecraft:copper_ingot":432,"minecraft:stone_axe":1,"minecraft:air":0,"minecraft:bread":9,"minecraft:cut_copper":40,"minecraft:iron_chestplate":1,"minecraft:wooden_hoe":1,"minecraft:charcoal":10,"minecraft:shield":1,"minecraft:stick":68,"minecraft:iron_ingot":70,"minecraft:iron_pickaxe":3,"minecraft:cherry_door":3,"minecraft:white_bed":1,"minecraft:composter":1,"minecraft:spruce_fence_gate":1,"minecraft:torch":56,"minecraft:shears":1},"minecraft:killed_by":{"minecraft:player":1,"minecraft:warden":7,"minecraft:cave_spider":1,"minecraft:skeleton":1,"minecraft:blaze":1},"minecraft:dropped":{"minecraft:iron_ingot":4,"minecraft:bread":1,"minecraft:wheat_seeds":16,"minecraft:amethyst_block":18,"minecraft:wooden_sword":1,"minecraft:iron_pickaxe":1,"minecraft:smooth_basalt":10,"minecraft:oak_door":3,"minecraft:stone_axe":2,"minecraft:stone_sword":1,"minecraft:cobbled_deepslate":2,"minecraft:tuff":1,"minecraft:wheat":30,"minecraft:raw_iron":14,"minecraft:shears":1,"minecraft:bow":2,"minecraft:arrow":5,"minecraft:calcite":6},"minecraft:broken":{"minecraft:stone_pickaxe":2,"minecraft:iron_pickaxe":1},"minecraft:killed":{"minecraft:cave_spider":1,"minecraft:witch":1,"minecraft:spider":1,"minecraft:phantom":3,"minecraft:skeleton":4,"minecraft:pig":1,"minecraft:sheep":1,"minecraft:zombie":9,"minecraft:cow":11},"minecraft:mined":{"minecraft:tuff":4,"minecraft:white_bed":1,"minecraft:deepslate_diamond_ore":5,"minecraft:oak_door":4,"minecraft:sculk_vein":51,"minecraft:cherry_log":19,"minecraft:cobblestone_stairs":12,"minecraft:cherry_sapling":2,"minecraft:granite":9,"minecraft:grass_block":10,"minecraft:spruce_leaves":16,"minecraft:sculk_catalyst":1,"minecraft:iron_ore":41,"minecraft:fire":1,"minecraft:andesite":4,"minecraft:pointed_dripstone":5,"minecraft:potatoes":6,"minecraft:deepslate_iron_ore":45,"minecraft:cut_copper":3,"minecraft:stone":203,"minecraft:cut_copper_stairs":1,"minecraft:soul_sand":5,"minecraft:soul_fire":3,"minecraft:amethyst_cluster":1,"minecraft:torch":4,"minecraft:short_grass":3,"minecraft:calcite":6,"minecraft:copper_ore":243,"minecraft:cobblestone":15,"minecraft:lapis_ore":1,"minecraft:sculk":33,"minecraft:diorite":11,"minecraft:wall_torch":2,"minecraft:amethyst_block":18,"minecraft:wheat":89,"minecraft:spruce_log":16,"minecraft:cherry_door":2,"minecraft:oak_log":12,"minecraft:coal_ore":99,"minecraft:cherry_leaves":34,"minecraft:gravel":3,"minecraft:dripstone_block":10,"minecraft:dirt":22,"minecraft:smooth_basalt":10,"minecraft:oak_leaves":4,"minecraft:deepslate":28},"minecraft:used":{"minecraft:cherry_sapling":14,"minecraft:cherry_wood":3,"minecraft:shield":49,"minecraft:iron_sword":90,"minecraft:cut_copper_stairs":13,"minecraft:oak_door":3,"minecraft:torch":67,"minecraft:dirt":79,"minecraft:spyglass":47,"minecraft:cut_copper":23,"minecraft:tuff":3,"minecraft:spruce_fence":25,"minecraft:warden_spawn_egg":1,"minecraft:iron_axe":32,"minecraft:oak_sapling":5,"minecraft:furnace":2,"minecraft:egg":1,"minecraft:cooked_beef":9,"minecraft:potato":7,"minecraft:wheat_seeds":203,"minecraft:diorite":14,"minecraft:stone_pickaxe":262,"minecraft:copper_block":2,"minecraft:wooden_pickaxe":26,"minecraft:composter":1,"minecraft:spruce_fence_gate":1,"minecraft:crafting_table":3,"minecraft:white_bed":1,"minecraft:wooden_hoe":1,"minecraft:apple":2,"minecraft:cherry_door":7,"minecraft:bread":8,"minecraft:iron_pickaxe":521,"minecraft:gravel":2,"minecraft:stone_axe":2,"minecraft:cobblestone":25,"minecraft:bone_meal":4},"minecraft:picked_up":{"minecraft:crafting_table":1,"minecraft:wheat":102,"minecraft:amethyst_block":18,"minecraft:string":2,"minecraft:raw_copper":807,"minecraft:wooden_sword":1,"minecraft:cobbled_deepslate":28,"minecraft:beef":28,"minecraft:calcite":6,"minecraft:phantom_membrane":2,"minecraft:egg":1,"minecraft:stick":22,"minecraft:raw_iron":86,"minecraft:oak_door":6,"minecraft:torch":12,"minecraft:spruce_fence":1,"minecraft:porkchop":3,"minecraft:cut_copper_stairs":1,"minecraft:cherry_log":19,"minecraft:pointed_dripstone":6,"minecraft:diorite":14,"minecraft:stone_sword":1,"minecraft:arrow":10,"minecraft:rotten_flesh":16,"minecraft:cut_copper":1,"minecraft:mutton":2,"minecraft:white_wool":5,"minecraft:cobblestone":221,"minecraft:cooked_beef":5,"minecraft:glow_ink_sac":15,"minecraft:andesite":4,"minecraft:leather":16,"minecraft:potato":22,"minecraft:flint":1,"minecraft:tuff":4,"minecraft:oak_log":16,"minecraft:gunpowder":2,"minecraft:cobblestone_stairs":12,"minecraft:lapis_lazuli":6,"minecraft:cherry_door":4,"minecraft:dirt":59,"minecraft:bone":7,"minecraft:apple":2,"minecraft:bow":2,"minecraft:wheat_seeds":225,"minecraft:iron_ingot":3,"minecraft:soul_sand":5,"minecraft:smooth_basalt":10,"minecraft:dripstone_block":11,"minecraft:gravel":2,"minecraft:amethyst_shard":4,"minecraft:spruce_sapling":3,"minecraft:spruce_log":16,"minecraft:spider_eye":1,"minecraft:diamond":5,"minecraft:stone_axe":2,"minecraft:granite":9,"minecraft:bone_meal":4,"minecraft:cherry_sapling":14,"minecraft:oak_sapling":10,"minecraft:coal":99}},"DataVersion":3953}