{"stats":{"minecraft:crafted":{"minecraft:cooked_beef":4,"minecraft:cherry_planks":28,"minecraft:wooden_sword":1,"minecraft:oak_planks":48,"minecraft:crafting_table":3,"minecraft:spruce_planks":64,"minecraft:wooden_pickaxe":2,"minecraft:iron_sword":1,"minecraft:copper_ingot":167,"minecraft:spruce_fence":24,"minecraft:stone_axe":1,"minecraft:bread":2,"minecraft:air":0,"minecraft:wooden_hoe":1,"minecraft:shield":1,"minecraft:stick":36,"minecraft:iron_ingot":8,"minecraft:iron_pickaxe":1,"minecraft:stone_pickaxe":2,"minecraft:cherry_door":3,"minecraft:spruce_fence_gate":1,"minecraft:torch":16},"minecraft:picked_up":{"minecraft:wheat":17,"minecraft:leather":4,"minecraft:oak_log":12,"minecraft:cherry_door":2,"minecraft:dirt":18,"minecraft:raw_copper":329,"minecraft:wheat_seeds":43,"minecraft:iron_ingot":2,"minecraft:beef":4,"minecraft:egg":1,"minecraft:stick":8,"minecraft:raw_iron":8,"minecraft:oak_door":6,"minecraft:torch":5,"minecraft:dripstone_block":6,"minecraft:cherry_log":11,"minecraft:spruce_sapling":3,"minecraft:diorite":1,"minecraft:pointed_dripstone":6,"minecraft:spruce_log":16,"minecraft:stone_axe":1,"minecraft:cherry_sapling":10,"minecraft:mutton":2,"minecraft:coal":45,"minecraft:white_wool":1,"minecraft:cobblestone":104},"minecraft:custom":{"minecraft:interact_with_furnace":23,"minecraft:mob_kills":3,"minecraft:animals_bred":3,"minecraft:interact_with_crafting_table":16,"minecraft:open_barrel":21,"minecraft:time_since_death":134294,"minecraft:time_since_rest":134324,"minecraft:sprint_one_cm":154586,"minecraft:damage_taken":260,"minecraft:walk_one_cm":316765,"minecraft:drop":6,"minecraft:damage_dealt":310,"minecraft:fly_one_cm":41455,"minecraft:open_chest":7,"minecraft:crouch_one_cm":2602,"minecraft:play_time":138714,"minecraft:deaths":1,"minecraft:sneak_time":1696,"minecraft:walk_under_water_one_cm":301,"minecraft:jump":615,"minecraft:walk_on_water_one_cm":874,"minecraft:total_world_time":138714,"minecraft:fall_one_cm":6048},"minecraft:dropped":{"minecraft:oak_door":3,"minecraft:iron_ingot":4,"minecraft:stone_axe":1},"minecraft:broken":{"minecraft:stone_pickaxe":1},"minecraft:killed_by":{"minecraft:skeleton":1},"minecraft:used":{"minecraft:wheat_seeds":43,"minecraft:cherry_sapling":10,"minecraft:stone_pickaxe":241,"minecraft:wooden_pickaxe":26,"minecraft:spruce_fence_gate":1,"minecraft:oak_door":3,"minecraft:torch":21,"minecraft:dirt":18,"minecraft:crafting_table":3,"minecraft:spruce_fence":24,"minecraft:wooden_hoe":1,"minecraft:cherry_door":5,"minecraft:bread":2,"minecraft:stone_axe":2,"minecraft:cobblestone":24,"minecraft:egg":1,"minecraft:cooked_beef":1},"minecraft:killed":{"minecraft:sheep":1,"minecraft:cow":2},"minecraft:mined":{"minecraft:oak_door":4,"minecraft:cherry_log":11,"minecraft:cherry_sapling":2,"minecraft:torch":3,"minecraft:grass_block":10,"minecraft:copper_ore":98,"minecraft:spruce_leaves":16,"minecraft:diorite":1,"minecraft:wall_torch":1,"minecraft:iron_ore":8,"minecraft:fire":1,"minecraft:wheat":20,"minecraft:spruce_log":16,"minecraft:cherry_door":2,"minecraft:grass":1,"minecraft:pointed_dripstone":5,"minecraft:coal_ore":45,"minecraft:oak_log":12,"minecraft:cherry_leaves":21,"minecraft:dripstone_block":6,"minecraft:dirt":8,"minecraft:stone":104,"minecraft:oak_leaves":3}},"DataVersion":3465}