{
  "minecraft:recipes/misc/charcoal": {
    "criteria": {
      "has_log": "2024-07-05 03:15:15 +0000"
    },
    "done": true
  },
  "minecraft:recipes/decorations/crafting_table": {
    "criteria": {
      "unlock_right_away": "2024-07-05 03:08:21 +0000"
    },
    "done": true
  },
  "minecraft:recipes/building_blocks/oak_planks": {
    "criteria": {
      "has_logs": "2024-07-05 03:15:15 +0000"
    },
    "done": true
  },
  "minecraft:adventure/adventuring_time": {
    "criteria": {
      "minecraft:forest": "2024-07-05 03:08:23 +0000",
      "minecraft:meadow": "2024-07-05 03:11:53 +0000",
      "minecraft:plains": "2024-07-05 03:08:58 +0000"
    },
    "done": false
  },
  "minecraft:recipes/building_blocks/oak_wood": {
    "criteria": {
      "has_log": "2024-07-05 03:15:15 +0000"
    },
    "done": true
  },
  "DataVersion": 3465
}